id,description,family,protocol,N,seed,metric_name,value_display,units,source_path,selector
P1-C2-SET2-NITRIDE-N10-MEAN_BEST_EPOCH,mean,nitride,protocol_2,10,,mean_best_epoch,1.0,epoch,results/summaries/protocol_2/finetune/finetune_summary_by_N.csv,"{""column"":""mean_best_epoch"",""type"":""csv_cell"",""where"":{""N"":""10"",""family"":""nitride""}}"
P1-C2-SET2-NITRIDE-N10-MEAN_TEST_MAE_EV_PER_ATOM,mean,nitride,protocol_2,10,,mean_test_mae_eV_per_atom,0.07036,eV/atom,results/summaries/protocol_2/finetune/finetune_summary_by_N.csv,"{""column"":""mean_test_mae_eV_per_atom"",""type"":""csv_cell"",""where"":{""N"":""10"",""family"":""nitride""}}"
P1-C2-SET2-NITRIDE-N10-SEED0-MAE,seed_value,nitride,protocol_2,10,0,test_mae,0.07067,eV/atom,results/summaries/protocol_2/finetune/finetune_runs.csv,"{""column"":""test_mae_eV_per_atom"",""type"":""csv_cell"",""where"":{""N"":""10"",""family"":""nitride"",""seed"":""0""}}"
P1-C2-SET2-NITRIDE-N10-SEED1-MAE,seed_value,nitride,protocol_2,10,1,test_mae,0.07026,eV/atom,results/summaries/protocol_2/finetune/finetune_runs.csv,"{""column"":""test_mae_eV_per_atom"",""type"":""csv_cell"",""where"":{""N"":""10"",""family"":""nitride"",""seed"":""1""}}"
P1-C2-SET2-NITRIDE-N10-SEED2-MAE,seed_value,nitride,protocol_2,10,2,test_mae,0.07020,eV/atom,results/summaries/protocol_2/finetune/finetune_runs.csv,"{""column"":""test_mae_eV_per_atom"",""type"":""csv_cell"",""where"":{""N"":""10"",""family"":""nitride"",""seed"":""2""}}"
P1-C2-SET2-NITRIDE-N10-SEED3-MAE,seed_value,nitride,protocol_2,10,3,test_mae,0.07024,eV/atom,results/summaries/protocol_2/finetune/finetune_runs.csv,"{""column"":""test_mae_eV_per_atom"",""type"":""csv_cell"",""where"":{""N"":""10"",""family"":""nitride"",""seed"":""3""}}"
P1-C2-SET2-NITRIDE-N10-SEED4-MAE,seed_value,nitride,protocol_2,10,4,test_mae,0.07042,eV/atom,results/summaries/protocol_2/finetune/finetune_runs.csv,"{""column"":""test_mae_eV_per_atom"",""type"":""csv_cell"",""where"":{""N"":""10"",""family"":""nitride"",""seed"":""4""}}"
P1-C2-SET2-NITRIDE-N10-STD_TEST_MAE_EV_PER_ATOM,sample_sd,nitride,protocol_2,10,,std_test_mae_eV_per_atom,0.00019,eV/atom,results/summaries/protocol_2/finetune/finetune_summary_by_N.csv,"{""column"":""std_test_mae_eV_per_atom"",""type"":""csv_cell"",""where"":{""N"":""10"",""family"":""nitride""}}"
P1-C2-SET2-NITRIDE-N10-TRANSFER_GAIN_VS_ZERO_SHOT,difference,nitride,protocol_2,10,,transfer_gain_vs_zero_shot,-0.00082,eV/atom,results/summaries/protocol_2/finetune/finetune_summary_by_N.csv,"{""column"":""transfer_gain_vs_zero_shot"",""type"":""csv_cell"",""where"":{""N"":""10"",""family"":""nitride""}}"
P1-C2-SET2-NITRIDE-N100-MEAN_BEST_EPOCH,mean,nitride,protocol_2,100,,mean_best_epoch,1.0,epoch,results/summaries/protocol_2/finetune/finetune_summary_by_N.csv,"{""column"":""mean_best_epoch"",""type"":""csv_cell"",""where"":{""N"":""100"",""family"":""nitride""}}"
P1-C2-SET2-NITRIDE-N100-MEAN_TEST_MAE_EV_PER_ATOM,mean,nitride,protocol_2,100,,mean_test_mae_eV_per_atom,0.07076,eV/atom,results/summaries/protocol_2/finetune/finetune_summary_by_N.csv,"{""column"":""mean_test_mae_eV_per_atom"",""type"":""csv_cell"",""where"":{""N"":""100"",""family"":""nitride""}}"
P1-C2-SET2-NITRIDE-N100-SEED0-MAE,seed_value,nitride,protocol_2,100,0,test_mae,0.07073,eV/atom,results/summaries/protocol_2/finetune/finetune_runs.csv,"{""column"":""test_mae_eV_per_atom"",""type"":""csv_cell"",""where"":{""N"":""100"",""family"":""nitride"",""seed"":""0""}}"
P1-C2-SET2-NITRIDE-N100-SEED1-MAE,seed_value,nitride,protocol_2,100,1,test_mae,0.07098,eV/atom,results/summaries/protocol_2/finetune/finetune_runs.csv,"{""column"":""test_mae_eV_per_atom"",""type"":""csv_cell"",""where"":{""N"":""100"",""family"":""nitride"",""seed"":""1""}}"
P1-C2-SET2-NITRIDE-N100-SEED2-MAE,seed_value,nitride,protocol_2,100,2,test_mae,0.07113,eV/atom,results/summaries/protocol_2/finetune/finetune_runs.csv,"{""column"":""test_mae_eV_per_atom"",""type"":""csv_cell"",""where"":{""N"":""100"",""family"":""nitride"",""seed"":""2""}}"
P1-C2-SET2-NITRIDE-N100-SEED3-MAE,seed_value,nitride,protocol_2,100,3,test_mae,0.07039,eV/atom,results/summaries/protocol_2/finetune/finetune_runs.csv,"{""column"":""test_mae_eV_per_atom"",""type"":""csv_cell"",""where"":{""N"":""100"",""family"":""nitride"",""seed"":""3""}}"
P1-C2-SET2-NITRIDE-N100-SEED4-MAE,seed_value,nitride,protocol_2,100,4,test_mae,0.07057,eV/atom,results/summaries/protocol_2/finetune/finetune_runs.csv,"{""column"":""test_mae_eV_per_atom"",""type"":""csv_cell"",""where"":{""N"":""100"",""family"":""nitride"",""seed"":""4""}}"
P1-C2-SET2-NITRIDE-N100-STD_TEST_MAE_EV_PER_ATOM,sample_sd,nitride,protocol_2,100,,std_test_mae_eV_per_atom,0.00030,eV/atom,results/summaries/protocol_2/finetune/finetune_summary_by_N.csv,"{""column"":""std_test_mae_eV_per_atom"",""type"":""csv_cell"",""where"":{""N"":""100"",""family"":""nitride""}}"
P1-C2-SET2-NITRIDE-N100-TRANSFER_GAIN_VS_ZERO_SHOT,difference,nitride,protocol_2,100,,transfer_gain_vs_zero_shot,-0.00122,eV/atom,results/summaries/protocol_2/finetune/finetune_summary_by_N.csv,"{""column"":""transfer_gain_vs_zero_shot"",""type"":""csv_cell"",""where"":{""N"":""100"",""family"":""nitride""}}"
P1-C2-SET2-NITRIDE-N1000-MEAN_BEST_EPOCH,mean,nitride,protocol_2,1000,,mean_best_epoch,92.4,epoch,results/summaries/protocol_2/finetune/finetune_summary_by_N.csv,"{""column"":""mean_best_epoch"",""type"":""csv_cell"",""where"":{""N"":""1000"",""family"":""nitride""}}"
P1-C2-SET2-NITRIDE-N1000-MEAN_TEST_MAE_EV_PER_ATOM,mean,nitride,protocol_2,1000,,mean_test_mae_eV_per_atom,0.07461,eV/atom,results/summaries/protocol_2/finetune/finetune_summary_by_N.csv,"{""column"":""mean_test_mae_eV_per_atom"",""type"":""csv_cell"",""where"":{""N"":""1000"",""family"":""nitride""}}"
P1-C2-SET2-NITRIDE-N1000-SEED0-MAE,seed_value,nitride,protocol_2,1000,0,test_mae,0.07353,eV/atom,results/summaries/protocol_2/finetune/finetune_runs.csv,"{""column"":""test_mae_eV_per_atom"",""type"":""csv_cell"",""where"":{""N"":""1000"",""family"":""nitride"",""seed"":""0""}}"
P1-C2-SET2-NITRIDE-N1000-SEED1-MAE,seed_value,nitride,protocol_2,1000,1,test_mae,0.07494,eV/atom,results/summaries/protocol_2/finetune/finetune_runs.csv,"{""column"":""test_mae_eV_per_atom"",""type"":""csv_cell"",""where"":{""N"":""1000"",""family"":""nitride"",""seed"":""1""}}"
P1-C2-SET2-NITRIDE-N1000-SEED2-MAE,seed_value,nitride,protocol_2,1000,2,test_mae,0.07479,eV/atom,results/summaries/protocol_2/finetune/finetune_runs.csv,"{""column"":""test_mae_eV_per_atom"",""type"":""csv_cell"",""where"":{""N"":""1000"",""family"":""nitride"",""seed"":""2""}}"
P1-C2-SET2-NITRIDE-N1000-SEED3-MAE,seed_value,nitride,protocol_2,1000,3,test_mae,0.07407,eV/atom,results/summaries/protocol_2/finetune/finetune_runs.csv,"{""column"":""test_mae_eV_per_atom"",""type"":""csv_cell"",""where"":{""N"":""1000"",""family"":""nitride"",""seed"":""3""}}"
P1-C2-SET2-NITRIDE-N1000-SEED4-MAE,seed_value,nitride,protocol_2,1000,4,test_mae,0.07573,eV/atom,results/summaries/protocol_2/finetune/finetune_runs.csv,"{""column"":""test_mae_eV_per_atom"",""type"":""csv_cell"",""where"":{""N"":""1000"",""family"":""nitride"",""seed"":""4""}}"
P1-C2-SET2-NITRIDE-N1000-STD_TEST_MAE_EV_PER_ATOM,sample_sd,nitride,protocol_2,1000,,std_test_mae_eV_per_atom,0.00085,eV/atom,results/summaries/protocol_2/finetune/finetune_summary_by_N.csv,"{""column"":""std_test_mae_eV_per_atom"",""type"":""csv_cell"",""where"":{""N"":""1000"",""family"":""nitride""}}"
P1-C2-SET2-NITRIDE-N1000-TRANSFER_GAIN_VS_ZERO_SHOT,difference,nitride,protocol_2,1000,,transfer_gain_vs_zero_shot,-0.00507,eV/atom,results/summaries/protocol_2/finetune/finetune_summary_by_N.csv,"{""column"":""transfer_gain_vs_zero_shot"",""type"":""csv_cell"",""where"":{""N"":""1000"",""family"":""nitride""}}"
P1-C2-SET2-NITRIDE-N200-MEAN_BEST_EPOCH,mean,nitride,protocol_2,200,,mean_best_epoch,1.0,epoch,results/summaries/protocol_2/finetune/finetune_summary_by_N.csv,"{""column"":""mean_best_epoch"",""type"":""csv_cell"",""where"":{""N"":""200"",""family"":""nitride""}}"
P1-C2-SET2-NITRIDE-N200-MEAN_TEST_MAE_EV_PER_ATOM,mean,nitride,protocol_2,200,,mean_test_mae_eV_per_atom,0.07127,eV/atom,results/summaries/protocol_2/finetune/finetune_summary_by_N.csv,"{""column"":""mean_test_mae_eV_per_atom"",""type"":""csv_cell"",""where"":{""N"":""200"",""family"":""nitride""}}"
P1-C2-SET2-NITRIDE-N200-SEED0-MAE,seed_value,nitride,protocol_2,200,0,test_mae,0.07115,eV/atom,results/summaries/protocol_2/finetune/finetune_runs.csv,"{""column"":""test_mae_eV_per_atom"",""type"":""csv_cell"",""where"":{""N"":""200"",""family"":""nitride"",""seed"":""0""}}"
P1-C2-SET2-NITRIDE-N200-SEED1-MAE,seed_value,nitride,protocol_2,200,1,test_mae,0.07197,eV/atom,results/summaries/protocol_2/finetune/finetune_runs.csv,"{""column"":""test_mae_eV_per_atom"",""type"":""csv_cell"",""where"":{""N"":""200"",""family"":""nitride"",""seed"":""1""}}"
P1-C2-SET2-NITRIDE-N200-SEED2-MAE,seed_value,nitride,protocol_2,200,2,test_mae,0.07100,eV/atom,results/summaries/protocol_2/finetune/finetune_runs.csv,"{""column"":""test_mae_eV_per_atom"",""type"":""csv_cell"",""where"":{""N"":""200"",""family"":""nitride"",""seed"":""2""}}"
P1-C2-SET2-NITRIDE-N200-SEED3-MAE,seed_value,nitride,protocol_2,200,3,test_mae,0.07122,eV/atom,results/summaries/protocol_2/finetune/finetune_runs.csv,"{""column"":""test_mae_eV_per_atom"",""type"":""csv_cell"",""where"":{""N"":""200"",""family"":""nitride"",""seed"":""3""}}"
P1-C2-SET2-NITRIDE-N200-SEED4-MAE,seed_value,nitride,protocol_2,200,4,test_mae,0.07101,eV/atom,results/summaries/protocol_2/finetune/finetune_runs.csv,"{""column"":""test_mae_eV_per_atom"",""type"":""csv_cell"",""where"":{""N"":""200"",""family"":""nitride"",""seed"":""4""}}"
P1-C2-SET2-NITRIDE-N200-STD_TEST_MAE_EV_PER_ATOM,sample_sd,nitride,protocol_2,200,,std_test_mae_eV_per_atom,0.00040,eV/atom,results/summaries/protocol_2/finetune/finetune_summary_by_N.csv,"{""column"":""std_test_mae_eV_per_atom"",""type"":""csv_cell"",""where"":{""N"":""200"",""family"":""nitride""}}"
P1-C2-SET2-NITRIDE-N200-TRANSFER_GAIN_VS_ZERO_SHOT,difference,nitride,protocol_2,200,,transfer_gain_vs_zero_shot,-0.00173,eV/atom,results/summaries/protocol_2/finetune/finetune_summary_by_N.csv,"{""column"":""transfer_gain_vs_zero_shot"",""type"":""csv_cell"",""where"":{""N"":""200"",""family"":""nitride""}}"
P1-C2-SET2-NITRIDE-N50-MEAN_BEST_EPOCH,mean,nitride,protocol_2,50,,mean_best_epoch,1.4,epoch,results/summaries/protocol_2/finetune/finetune_summary_by_N.csv,"{""column"":""mean_best_epoch"",""type"":""csv_cell"",""where"":{""N"":""50"",""family"":""nitride""}}"
P1-C2-SET2-NITRIDE-N50-MEAN_TEST_MAE_EV_PER_ATOM,mean,nitride,protocol_2,50,,mean_test_mae_eV_per_atom,0.07022,eV/atom,results/summaries/protocol_2/finetune/finetune_summary_by_N.csv,"{""column"":""mean_test_mae_eV_per_atom"",""type"":""csv_cell"",""where"":{""N"":""50"",""family"":""nitride""}}"
P1-C2-SET2-NITRIDE-N50-SEED0-MAE,seed_value,nitride,protocol_2,50,0,test_mae,0.07118,eV/atom,results/summaries/protocol_2/finetune/finetune_runs.csv,"{""column"":""test_mae_eV_per_atom"",""type"":""csv_cell"",""where"":{""N"":""50"",""family"":""nitride"",""seed"":""0""}}"
P1-C2-SET2-NITRIDE-N50-SEED1-MAE,seed_value,nitride,protocol_2,50,1,test_mae,0.06995,eV/atom,results/summaries/protocol_2/finetune/finetune_runs.csv,"{""column"":""test_mae_eV_per_atom"",""type"":""csv_cell"",""where"":{""N"":""50"",""family"":""nitride"",""seed"":""1""}}"
P1-C2-SET2-NITRIDE-N50-SEED2-MAE,seed_value,nitride,protocol_2,50,2,test_mae,0.07036,eV/atom,results/summaries/protocol_2/finetune/finetune_runs.csv,"{""column"":""test_mae_eV_per_atom"",""type"":""csv_cell"",""where"":{""N"":""50"",""family"":""nitride"",""seed"":""2""}}"
P1-C2-SET2-NITRIDE-N50-SEED3-MAE,seed_value,nitride,protocol_2,50,3,test_mae,0.06975,eV/atom,results/summaries/protocol_2/finetune/finetune_runs.csv,"{""column"":""test_mae_eV_per_atom"",""type"":""csv_cell"",""where"":{""N"":""50"",""family"":""nitride"",""seed"":""3""}}"
P1-C2-SET2-NITRIDE-N50-SEED4-MAE,seed_value,nitride,protocol_2,50,4,test_mae,0.06987,eV/atom,results/summaries/protocol_2/finetune/finetune_runs.csv,"{""column"":""test_mae_eV_per_atom"",""type"":""csv_cell"",""where"":{""N"":""50"",""family"":""nitride"",""seed"":""4""}}"
P1-C2-SET2-NITRIDE-N50-STD_TEST_MAE_EV_PER_ATOM,sample_sd,nitride,protocol_2,50,,std_test_mae_eV_per_atom,0.00058,eV/atom,results/summaries/protocol_2/finetune/finetune_summary_by_N.csv,"{""column"":""std_test_mae_eV_per_atom"",""type"":""csv_cell"",""where"":{""N"":""50"",""family"":""nitride""}}"
P1-C2-SET2-NITRIDE-N50-TRANSFER_GAIN_VS_ZERO_SHOT,difference,nitride,protocol_2,50,,transfer_gain_vs_zero_shot,-0.00068,eV/atom,results/summaries/protocol_2/finetune/finetune_summary_by_N.csv,"{""column"":""transfer_gain_vs_zero_shot"",""type"":""csv_cell"",""where"":{""N"":""50"",""family"":""nitride""}}"
P1-C2-SET2-NITRIDE-N500-MEAN_BEST_EPOCH,mean,nitride,protocol_2,500,,mean_best_epoch,47.2,epoch,results/summaries/protocol_2/finetune/finetune_summary_by_N.csv,"{""column"":""mean_best_epoch"",""type"":""csv_cell"",""where"":{""N"":""500"",""family"":""nitride""}}"
P1-C2-SET2-NITRIDE-N500-MEAN_TEST_MAE_EV_PER_ATOM,mean,nitride,protocol_2,500,,mean_test_mae_eV_per_atom,0.07574,eV/atom,results/summaries/protocol_2/finetune/finetune_summary_by_N.csv,"{""column"":""mean_test_mae_eV_per_atom"",""type"":""csv_cell"",""where"":{""N"":""500"",""family"":""nitride""}}"
P1-C2-SET2-NITRIDE-N500-SEED0-MAE,seed_value,nitride,protocol_2,500,0,test_mae,0.07645,eV/atom,results/summaries/protocol_2/finetune/finetune_runs.csv,"{""column"":""test_mae_eV_per_atom"",""type"":""csv_cell"",""where"":{""N"":""500"",""family"":""nitride"",""seed"":""0""}}"
P1-C2-SET2-NITRIDE-N500-SEED1-MAE,seed_value,nitride,protocol_2,500,1,test_mae,0.07659,eV/atom,results/summaries/protocol_2/finetune/finetune_runs.csv,"{""column"":""test_mae_eV_per_atom"",""type"":""csv_cell"",""where"":{""N"":""500"",""family"":""nitride"",""seed"":""1""}}"
P1-C2-SET2-NITRIDE-N500-SEED2-MAE,seed_value,nitride,protocol_2,500,2,test_mae,0.07564,eV/atom,results/summaries/protocol_2/finetune/finetune_runs.csv,"{""column"":""test_mae_eV_per_atom"",""type"":""csv_cell"",""where"":{""N"":""500"",""family"":""nitride"",""seed"":""2""}}"
P1-C2-SET2-NITRIDE-N500-SEED3-MAE,seed_value,nitride,protocol_2,500,3,test_mae,0.07395,eV/atom,results/summaries/protocol_2/finetune/finetune_runs.csv,"{""column"":""test_mae_eV_per_atom"",""type"":""csv_cell"",""where"":{""N"":""500"",""family"":""nitride"",""seed"":""3""}}"
P1-C2-SET2-NITRIDE-N500-SEED4-MAE,seed_value,nitride,protocol_2,500,4,test_mae,0.07610,eV/atom,results/summaries/protocol_2/finetune/finetune_runs.csv,"{""column"":""test_mae_eV_per_atom"",""type"":""csv_cell"",""where"":{""N"":""500"",""family"":""nitride"",""seed"":""4""}}"
P1-C2-SET2-NITRIDE-N500-STD_TEST_MAE_EV_PER_ATOM,sample_sd,nitride,protocol_2,500,,std_test_mae_eV_per_atom,0.00107,eV/atom,results/summaries/protocol_2/finetune/finetune_summary_by_N.csv,"{""column"":""std_test_mae_eV_per_atom"",""type"":""csv_cell"",""where"":{""N"":""500"",""family"":""nitride""}}"
P1-C2-SET2-NITRIDE-N500-TRANSFER_GAIN_VS_ZERO_SHOT,difference,nitride,protocol_2,500,,transfer_gain_vs_zero_shot,-0.00620,eV/atom,results/summaries/protocol_2/finetune/finetune_summary_by_N.csv,"{""column"":""transfer_gain_vs_zero_shot"",""type"":""csv_cell"",""where"":{""N"":""500"",""family"":""nitride""}}"
P1-C2-SET2-OXIDE-N10-MEAN_BEST_EPOCH,mean,oxide,protocol_2,10,,mean_best_epoch,5.2,epoch,results/summaries/protocol_2/finetune/finetune_summary_by_N.csv,"{""column"":""mean_best_epoch"",""type"":""csv_cell"",""where"":{""N"":""10"",""family"":""oxide""}}"
P1-C2-SET2-OXIDE-N10-MEAN_TEST_MAE_EV_PER_ATOM,mean,oxide,protocol_2,10,,mean_test_mae_eV_per_atom,0.03677,eV/atom,results/summaries/protocol_2/finetune/finetune_summary_by_N.csv,"{""column"":""mean_test_mae_eV_per_atom"",""type"":""csv_cell"",""where"":{""N"":""10"",""family"":""oxide""}}"
P1-C2-SET2-OXIDE-N10-SEED0-MAE,seed_value,oxide,protocol_2,10,0,test_mae,0.03848,eV/atom,results/summaries/protocol_2/finetune/finetune_runs.csv,"{""column"":""test_mae_eV_per_atom"",""type"":""csv_cell"",""where"":{""N"":""10"",""family"":""oxide"",""seed"":""0""}}"
P1-C2-SET2-OXIDE-N10-SEED1-MAE,seed_value,oxide,protocol_2,10,1,test_mae,0.04156,eV/atom,results/summaries/protocol_2/finetune/finetune_runs.csv,"{""column"":""test_mae_eV_per_atom"",""type"":""csv_cell"",""where"":{""N"":""10"",""family"":""oxide"",""seed"":""1""}}"
P1-C2-SET2-OXIDE-N10-SEED2-MAE,seed_value,oxide,protocol_2,10,2,test_mae,0.03435,eV/atom,results/summaries/protocol_2/finetune/finetune_runs.csv,"{""column"":""test_mae_eV_per_atom"",""type"":""csv_cell"",""where"":{""N"":""10"",""family"":""oxide"",""seed"":""2""}}"
P1-C2-SET2-OXIDE-N10-SEED3-MAE,seed_value,oxide,protocol_2,10,3,test_mae,0.03511,eV/atom,results/summaries/protocol_2/finetune/finetune_runs.csv,"{""column"":""test_mae_eV_per_atom"",""type"":""csv_cell"",""where"":{""N"":""10"",""family"":""oxide"",""seed"":""3""}}"
P1-C2-SET2-OXIDE-N10-SEED4-MAE,seed_value,oxide,protocol_2,10,4,test_mae,0.03432,eV/atom,results/summaries/protocol_2/finetune/finetune_runs.csv,"{""column"":""test_mae_eV_per_atom"",""type"":""csv_cell"",""where"":{""N"":""10"",""family"":""oxide"",""seed"":""4""}}"
P1-C2-SET2-OXIDE-N10-STD_TEST_MAE_EV_PER_ATOM,sample_sd,oxide,protocol_2,10,,std_test_mae_eV_per_atom,0.00318,eV/atom,results/summaries/protocol_2/finetune/finetune_summary_by_N.csv,"{""column"":""std_test_mae_eV_per_atom"",""type"":""csv_cell"",""where"":{""N"":""10"",""family"":""oxide""}}"
P1-C2-SET2-OXIDE-N10-TRANSFER_GAIN_VS_ZERO_SHOT,difference,oxide,protocol_2,10,,transfer_gain_vs_zero_shot,-0.00258,eV/atom,results/summaries/protocol_2/finetune/finetune_summary_by_N.csv,"{""column"":""transfer_gain_vs_zero_shot"",""type"":""csv_cell"",""where"":{""N"":""10"",""family"":""oxide""}}"
P1-C2-SET2-OXIDE-N100-MEAN_BEST_EPOCH,mean,oxide,protocol_2,100,,mean_best_epoch,37.2,epoch,results/summaries/protocol_2/finetune/finetune_summary_by_N.csv,"{""column"":""mean_best_epoch"",""type"":""csv_cell"",""where"":{""N"":""100"",""family"":""oxide""}}"
P1-C2-SET2-OXIDE-N100-MEAN_TEST_MAE_EV_PER_ATOM,mean,oxide,protocol_2,100,,mean_test_mae_eV_per_atom,0.03802,eV/atom,results/summaries/protocol_2/finetune/finetune_summary_by_N.csv,"{""column"":""mean_test_mae_eV_per_atom"",""type"":""csv_cell"",""where"":{""N"":""100"",""family"":""oxide""}}"
P1-C2-SET2-OXIDE-N100-SEED0-MAE,seed_value,oxide,protocol_2,100,0,test_mae,0.03648,eV/atom,results/summaries/protocol_2/finetune/finetune_runs.csv,"{""column"":""test_mae_eV_per_atom"",""type"":""csv_cell"",""where"":{""N"":""100"",""family"":""oxide"",""seed"":""0""}}"
P1-C2-SET2-OXIDE-N100-SEED1-MAE,seed_value,oxide,protocol_2,100,1,test_mae,0.04120,eV/atom,results/summaries/protocol_2/finetune/finetune_runs.csv,"{""column"":""test_mae_eV_per_atom"",""type"":""csv_cell"",""where"":{""N"":""100"",""family"":""oxide"",""seed"":""1""}}"
P1-C2-SET2-OXIDE-N100-SEED2-MAE,seed_value,oxide,protocol_2,100,2,test_mae,0.03754,eV/atom,results/summaries/protocol_2/finetune/finetune_runs.csv,"{""column"":""test_mae_eV_per_atom"",""type"":""csv_cell"",""where"":{""N"":""100"",""family"":""oxide"",""seed"":""2""}}"
P1-C2-SET2-OXIDE-N100-SEED3-MAE,seed_value,oxide,protocol_2,100,3,test_mae,0.03630,eV/atom,results/summaries/protocol_2/finetune/finetune_runs.csv,"{""column"":""test_mae_eV_per_atom"",""type"":""csv_cell"",""where"":{""N"":""100"",""family"":""oxide"",""seed"":""3""}}"
P1-C2-SET2-OXIDE-N100-SEED4-MAE,seed_value,oxide,protocol_2,100,4,test_mae,0.03856,eV/atom,results/summaries/protocol_2/finetune/finetune_runs.csv,"{""column"":""test_mae_eV_per_atom"",""type"":""csv_cell"",""where"":{""N"":""100"",""family"":""oxide"",""seed"":""4""}}"
P1-C2-SET2-OXIDE-N100-STD_TEST_MAE_EV_PER_ATOM,sample_sd,oxide,protocol_2,100,,std_test_mae_eV_per_atom,0.00200,eV/atom,results/summaries/protocol_2/finetune/finetune_summary_by_N.csv,"{""column"":""std_test_mae_eV_per_atom"",""type"":""csv_cell"",""where"":{""N"":""100"",""family"":""oxide""}}"
P1-C2-SET2-OXIDE-N100-TRANSFER_GAIN_VS_ZERO_SHOT,difference,oxide,protocol_2,100,,transfer_gain_vs_zero_shot,-0.00383,eV/atom,results/summaries/protocol_2/finetune/finetune_summary_by_N.csv,"{""column"":""transfer_gain_vs_zero_shot"",""type"":""csv_cell"",""where"":{""N"":""100"",""family"":""oxide""}}"
P1-C2-SET2-OXIDE-N1000-MEAN_BEST_EPOCH,mean,oxide,protocol_2,1000,,mean_best_epoch,28.4,epoch,results/summaries/protocol_2/finetune/finetune_summary_by_N.csv,"{""column"":""mean_best_epoch"",""type"":""csv_cell"",""where"":{""N"":""1000"",""family"":""oxide""}}"
P1-C2-SET2-OXIDE-N1000-MEAN_TEST_MAE_EV_PER_ATOM,mean,oxide,protocol_2,1000,,mean_test_mae_eV_per_atom,0.03549,eV/atom,results/summaries/protocol_2/finetune/finetune_summary_by_N.csv,"{""column"":""mean_test_mae_eV_per_atom"",""type"":""csv_cell"",""where"":{""N"":""1000"",""family"":""oxide""}}"
P1-C2-SET2-OXIDE-N1000-SEED0-MAE,seed_value,oxide,protocol_2,1000,0,test_mae,0.03524,eV/atom,results/summaries/protocol_2/finetune/finetune_runs.csv,"{""column"":""test_mae_eV_per_atom"",""type"":""csv_cell"",""where"":{""N"":""1000"",""family"":""oxide"",""seed"":""0""}}"
P1-C2-SET2-OXIDE-N1000-SEED1-MAE,seed_value,oxide,protocol_2,1000,1,test_mae,0.03551,eV/atom,results/summaries/protocol_2/finetune/finetune_runs.csv,"{""column"":""test_mae_eV_per_atom"",""type"":""csv_cell"",""where"":{""N"":""1000"",""family"":""oxide"",""seed"":""1""}}"
P1-C2-SET2-OXIDE-N1000-SEED2-MAE,seed_value,oxide,protocol_2,1000,2,test_mae,0.03554,eV/atom,results/summaries/protocol_2/finetune/finetune_runs.csv,"{""column"":""test_mae_eV_per_atom"",""type"":""csv_cell"",""where"":{""N"":""1000"",""family"":""oxide"",""seed"":""2""}}"
P1-C2-SET2-OXIDE-N1000-SEED3-MAE,seed_value,oxide,protocol_2,1000,3,test_mae,0.03554,eV/atom,results/summaries/protocol_2/finetune/finetune_runs.csv,"{""column"":""test_mae_eV_per_atom"",""type"":""csv_cell"",""where"":{""N"":""1000"",""family"":""oxide"",""seed"":""3""}}"
P1-C2-SET2-OXIDE-N1000-SEED4-MAE,seed_value,oxide,protocol_2,1000,4,test_mae,0.03560,eV/atom,results/summaries/protocol_2/finetune/finetune_runs.csv,"{""column"":""test_mae_eV_per_atom"",""type"":""csv_cell"",""where"":{""N"":""1000"",""family"":""oxide"",""seed"":""4""}}"
P1-C2-SET2-OXIDE-N1000-STD_TEST_MAE_EV_PER_ATOM,sample_sd,oxide,protocol_2,1000,,std_test_mae_eV_per_atom,0.00014,eV/atom,results/summaries/protocol_2/finetune/finetune_summary_by_N.csv,"{""column"":""std_test_mae_eV_per_atom"",""type"":""csv_cell"",""where"":{""N"":""1000"",""family"":""oxide""}}"
P1-C2-SET2-OXIDE-N1000-TRANSFER_GAIN_VS_ZERO_SHOT,difference,oxide,protocol_2,1000,,transfer_gain_vs_zero_shot,-0.00130,eV/atom,results/summaries/protocol_2/finetune/finetune_summary_by_N.csv,"{""column"":""transfer_gain_vs_zero_shot"",""type"":""csv_cell"",""where"":{""N"":""1000"",""family"":""oxide""}}"
P1-C2-SET2-OXIDE-N200-MEAN_BEST_EPOCH,mean,oxide,protocol_2,200,,mean_best_epoch,50.2,epoch,results/summaries/protocol_2/finetune/finetune_summary_by_N.csv,"{""column"":""mean_best_epoch"",""type"":""csv_cell"",""where"":{""N"":""200"",""family"":""oxide""}}"
P1-C2-SET2-OXIDE-N200-MEAN_TEST_MAE_EV_PER_ATOM,mean,oxide,protocol_2,200,,mean_test_mae_eV_per_atom,0.03667,eV/atom,results/summaries/protocol_2/finetune/finetune_summary_by_N.csv,"{""column"":""mean_test_mae_eV_per_atom"",""type"":""csv_cell"",""where"":{""N"":""200"",""family"":""oxide""}}"
P1-C2-SET2-OXIDE-N200-SEED0-MAE,seed_value,oxide,protocol_2,200,0,test_mae,0.03642,eV/atom,results/summaries/protocol_2/finetune/finetune_runs.csv,"{""column"":""test_mae_eV_per_atom"",""type"":""csv_cell"",""where"":{""N"":""200"",""family"":""oxide"",""seed"":""0""}}"
P1-C2-SET2-OXIDE-N200-SEED1-MAE,seed_value,oxide,protocol_2,200,1,test_mae,0.03615,eV/atom,results/summaries/protocol_2/finetune/finetune_runs.csv,"{""column"":""test_mae_eV_per_atom"",""type"":""csv_cell"",""where"":{""N"":""200"",""family"":""oxide"",""seed"":""1""}}"
P1-C2-SET2-OXIDE-N200-SEED2-MAE,seed_value,oxide,protocol_2,200,2,test_mae,0.03603,eV/atom,results/summaries/protocol_2/finetune/finetune_runs.csv,"{""column"":""test_mae_eV_per_atom"",""type"":""csv_cell"",""where"":{""N"":""200"",""family"":""oxide"",""seed"":""2""}}"
P1-C2-SET2-OXIDE-N200-SEED3-MAE,seed_value,oxide,protocol_2,200,3,test_mae,0.03642,eV/atom,results/summaries/protocol_2/finetune/finetune_runs.csv,"{""column"":""test_mae_eV_per_atom"",""type"":""csv_cell"",""where"":{""N"":""200"",""family"":""oxide"",""seed"":""3""}}"
P1-C2-SET2-OXIDE-N200-SEED4-MAE,seed_value,oxide,protocol_2,200,4,test_mae,0.03834,eV/atom,results/summaries/protocol_2/finetune/finetune_runs.csv,"{""column"":""test_mae_eV_per_atom"",""type"":""csv_cell"",""where"":{""N"":""200"",""family"":""oxide"",""seed"":""4""}}"
P1-C2-SET2-OXIDE-N200-STD_TEST_MAE_EV_PER_ATOM,sample_sd,oxide,protocol_2,200,,std_test_mae_eV_per_atom,0.00095,eV/atom,results/summaries/protocol_2/finetune/finetune_summary_by_N.csv,"{""column"":""std_test_mae_eV_per_atom"",""type"":""csv_cell"",""where"":{""N"":""200"",""family"":""oxide""}}"
P1-C2-SET2-OXIDE-N200-TRANSFER_GAIN_VS_ZERO_SHOT,difference,oxide,protocol_2,200,,transfer_gain_vs_zero_shot,-0.00249,eV/atom,results/summaries/protocol_2/finetune/finetune_summary_by_N.csv,"{""column"":""transfer_gain_vs_zero_shot"",""type"":""csv_cell"",""where"":{""N"":""200"",""family"":""oxide""}}"
P1-C2-SET2-OXIDE-N50-MEAN_BEST_EPOCH,mean,oxide,protocol_2,50,,mean_best_epoch,7.8,epoch,results/summaries/protocol_2/finetune/finetune_summary_by_N.csv,"{""column"":""mean_best_epoch"",""type"":""csv_cell"",""where"":{""N"":""50"",""family"":""oxide""}}"
P1-C2-SET2-OXIDE-N50-MEAN_TEST_MAE_EV_PER_ATOM,mean,oxide,protocol_2,50,,mean_test_mae_eV_per_atom,0.03633,eV/atom,results/summaries/protocol_2/finetune/finetune_summary_by_N.csv,"{""column"":""mean_test_mae_eV_per_atom"",""type"":""csv_cell"",""where"":{""N"":""50"",""family"":""oxide""}}"
P1-C2-SET2-OXIDE-N50-SEED0-MAE,seed_value,oxide,protocol_2,50,0,test_mae,0.03577,eV/atom,results/summaries/protocol_2/finetune/finetune_runs.csv,"{""column"":""test_mae_eV_per_atom"",""type"":""csv_cell"",""where"":{""N"":""50"",""family"":""oxide"",""seed"":""0""}}"
P1-C2-SET2-OXIDE-N50-SEED1-MAE,seed_value,oxide,protocol_2,50,1,test_mae,0.03870,eV/atom,results/summaries/protocol_2/finetune/finetune_runs.csv,"{""column"":""test_mae_eV_per_atom"",""type"":""csv_cell"",""where"":{""N"":""50"",""family"":""oxide"",""seed"":""1""}}"
P1-C2-SET2-OXIDE-N50-SEED2-MAE,seed_value,oxide,protocol_2,50,2,test_mae,0.03656,eV/atom,results/summaries/protocol_2/finetune/finetune_runs.csv,"{""column"":""test_mae_eV_per_atom"",""type"":""csv_cell"",""where"":{""N"":""50"",""family"":""oxide"",""seed"":""2""}}"
P1-C2-SET2-OXIDE-N50-SEED3-MAE,seed_value,oxide,protocol_2,50,3,test_mae,0.03549,eV/atom,results/summaries/protocol_2/finetune/finetune_runs.csv,"{""column"":""test_mae_eV_per_atom"",""type"":""csv_cell"",""where"":{""N"":""50"",""family"":""oxide"",""seed"":""3""}}"
P1-C2-SET2-OXIDE-N50-SEED4-MAE,seed_value,oxide,protocol_2,50,4,test_mae,0.03515,eV/atom,results/summaries/protocol_2/finetune/finetune_runs.csv,"{""column"":""test_mae_eV_per_atom"",""type"":""csv_cell"",""where"":{""N"":""50"",""family"":""oxide"",""seed"":""4""}}"
P1-C2-SET2-OXIDE-N50-STD_TEST_MAE_EV_PER_ATOM,sample_sd,oxide,protocol_2,50,,std_test_mae_eV_per_atom,0.00142,eV/atom,results/summaries/protocol_2/finetune/finetune_summary_by_N.csv,"{""column"":""std_test_mae_eV_per_atom"",""type"":""csv_cell"",""where"":{""N"":""50"",""family"":""oxide""}}"
P1-C2-SET2-OXIDE-N50-TRANSFER_GAIN_VS_ZERO_SHOT,difference,oxide,protocol_2,50,,transfer_gain_vs_zero_shot,-0.00215,eV/atom,results/summaries/protocol_2/finetune/finetune_summary_by_N.csv,"{""column"":""transfer_gain_vs_zero_shot"",""type"":""csv_cell"",""where"":{""N"":""50"",""family"":""oxide""}}"
P1-C2-SET2-OXIDE-N500-MEAN_BEST_EPOCH,mean,oxide,protocol_2,500,,mean_best_epoch,26.2,epoch,results/summaries/protocol_2/finetune/finetune_summary_by_N.csv,"{""column"":""mean_best_epoch"",""type"":""csv_cell"",""where"":{""N"":""500"",""family"":""oxide""}}"
P1-C2-SET2-OXIDE-N500-MEAN_TEST_MAE_EV_PER_ATOM,mean,oxide,protocol_2,500,,mean_test_mae_eV_per_atom,0.03618,eV/atom,results/summaries/protocol_2/finetune/finetune_summary_by_N.csv,"{""column"":""mean_test_mae_eV_per_atom"",""type"":""csv_cell"",""where"":{""N"":""500"",""family"":""oxide""}}"
P1-C2-SET2-OXIDE-N500-SEED0-MAE,seed_value,oxide,protocol_2,500,0,test_mae,0.03671,eV/atom,results/summaries/protocol_2/finetune/finetune_runs.csv,"{""column"":""test_mae_eV_per_atom"",""type"":""csv_cell"",""where"":{""N"":""500"",""family"":""oxide"",""seed"":""0""}}"
P1-C2-SET2-OXIDE-N500-SEED1-MAE,seed_value,oxide,protocol_2,500,1,test_mae,0.03597,eV/atom,results/summaries/protocol_2/finetune/finetune_runs.csv,"{""column"":""test_mae_eV_per_atom"",""type"":""csv_cell"",""where"":{""N"":""500"",""family"":""oxide"",""seed"":""1""}}"
P1-C2-SET2-OXIDE-N500-SEED2-MAE,seed_value,oxide,protocol_2,500,2,test_mae,0.03586,eV/atom,results/summaries/protocol_2/finetune/finetune_runs.csv,"{""column"":""test_mae_eV_per_atom"",""type"":""csv_cell"",""where"":{""N"":""500"",""family"":""oxide"",""seed"":""2""}}"
P1-C2-SET2-OXIDE-N500-SEED3-MAE,seed_value,oxide,protocol_2,500,3,test_mae,0.03593,eV/atom,results/summaries/protocol_2/finetune/finetune_runs.csv,"{""column"":""test_mae_eV_per_atom"",""type"":""csv_cell"",""where"":{""N"":""500"",""family"":""oxide"",""seed"":""3""}}"
P1-C2-SET2-OXIDE-N500-SEED4-MAE,seed_value,oxide,protocol_2,500,4,test_mae,0.03642,eV/atom,results/summaries/protocol_2/finetune/finetune_runs.csv,"{""column"":""test_mae_eV_per_atom"",""type"":""csv_cell"",""where"":{""N"":""500"",""family"":""oxide"",""seed"":""4""}}"
P1-C2-SET2-OXIDE-N500-STD_TEST_MAE_EV_PER_ATOM,sample_sd,oxide,protocol_2,500,,std_test_mae_eV_per_atom,0.00037,eV/atom,results/summaries/protocol_2/finetune/finetune_summary_by_N.csv,"{""column"":""std_test_mae_eV_per_atom"",""type"":""csv_cell"",""where"":{""N"":""500"",""family"":""oxide""}}"
P1-C2-SET2-OXIDE-N500-TRANSFER_GAIN_VS_ZERO_SHOT,difference,oxide,protocol_2,500,,transfer_gain_vs_zero_shot,-0.00200,eV/atom,results/summaries/protocol_2/finetune/finetune_summary_by_N.csv,"{""column"":""transfer_gain_vs_zero_shot"",""type"":""csv_cell"",""where"":{""N"":""500"",""family"":""oxide""}}"
P1-C2-SET3-NITRIDE-N10-MEAN_BEST_EPOCH,mean,nitride,protocol_3,10,,mean_best_epoch,1.0,epoch,results/summaries/protocol_3/finetune/finetune_summary_by_N.csv,"{""column"":""mean_best_epoch"",""type"":""csv_cell"",""where"":{""N"":""10"",""family"":""nitride""}}"
P1-C2-SET3-NITRIDE-N10-MEAN_TEST_MAE_EV_PER_ATOM,mean,nitride,protocol_3,10,,mean_test_mae_eV_per_atom,0.07041,eV/atom,results/summaries/protocol_3/finetune/finetune_summary_by_N.csv,"{""column"":""mean_test_mae_eV_per_atom"",""type"":""csv_cell"",""where"":{""N"":""10"",""family"":""nitride""}}"
P1-C2-SET3-NITRIDE-N10-SEED0-MAE,seed_value,nitride,protocol_3,10,0,test_mae,0.07068,eV/atom,results/summaries/protocol_3/finetune/finetune_runs.csv,"{""column"":""test_mae_eV_per_atom"",""type"":""csv_cell"",""where"":{""N"":""10"",""family"":""nitride"",""seed"":""0""}}"
P1-C2-SET3-NITRIDE-N10-SEED1-MAE,seed_value,nitride,protocol_3,10,1,test_mae,0.07036,eV/atom,results/summaries/protocol_3/finetune/finetune_runs.csv,"{""column"":""test_mae_eV_per_atom"",""type"":""csv_cell"",""where"":{""N"":""10"",""family"":""nitride"",""seed"":""1""}}"
P1-C2-SET3-NITRIDE-N10-SEED2-MAE,seed_value,nitride,protocol_3,10,2,test_mae,0.07016,eV/atom,results/summaries/protocol_3/finetune/finetune_runs.csv,"{""column"":""test_mae_eV_per_atom"",""type"":""csv_cell"",""where"":{""N"":""10"",""family"":""nitride"",""seed"":""2""}}"
P1-C2-SET3-NITRIDE-N10-SEED3-MAE,seed_value,nitride,protocol_3,10,3,test_mae,0.07030,eV/atom,results/summaries/protocol_3/finetune/finetune_runs.csv,"{""column"":""test_mae_eV_per_atom"",""type"":""csv_cell"",""where"":{""N"":""10"",""family"":""nitride"",""seed"":""3""}}"
P1-C2-SET3-NITRIDE-N10-SEED4-MAE,seed_value,nitride,protocol_3,10,4,test_mae,0.07054,eV/atom,results/summaries/protocol_3/finetune/finetune_runs.csv,"{""column"":""test_mae_eV_per_atom"",""type"":""csv_cell"",""where"":{""N"":""10"",""family"":""nitride"",""seed"":""4""}}"
P1-C2-SET3-NITRIDE-N10-STD_TEST_MAE_EV_PER_ATOM,sample_sd,nitride,protocol_3,10,,std_test_mae_eV_per_atom,0.00020,eV/atom,results/summaries/protocol_3/finetune/finetune_summary_by_N.csv,"{""column"":""std_test_mae_eV_per_atom"",""type"":""csv_cell"",""where"":{""N"":""10"",""family"":""nitride""}}"
P1-C2-SET3-NITRIDE-N10-TRANSFER_GAIN_VS_ZERO_SHOT,difference,nitride,protocol_3,10,,transfer_gain_vs_zero_shot,-0.00087,eV/atom,results/summaries/protocol_3/finetune/finetune_summary_by_N.csv,"{""column"":""transfer_gain_vs_zero_shot"",""type"":""csv_cell"",""where"":{""N"":""10"",""family"":""nitride""}}"
P1-C2-SET3-NITRIDE-N100-MEAN_BEST_EPOCH,mean,nitride,protocol_3,100,,mean_best_epoch,1.0,epoch,results/summaries/protocol_3/finetune/finetune_summary_by_N.csv,"{""column"":""mean_best_epoch"",""type"":""csv_cell"",""where"":{""N"":""100"",""family"":""nitride""}}"
P1-C2-SET3-NITRIDE-N100-MEAN_TEST_MAE_EV_PER_ATOM,mean,nitride,protocol_3,100,,mean_test_mae_eV_per_atom,0.07176,eV/atom,results/summaries/protocol_3/finetune/finetune_summary_by_N.csv,"{""column"":""mean_test_mae_eV_per_atom"",""type"":""csv_cell"",""where"":{""N"":""100"",""family"":""nitride""}}"
P1-C2-SET3-NITRIDE-N100-SEED0-MAE,seed_value,nitride,protocol_3,100,0,test_mae,0.07132,eV/atom,results/summaries/protocol_3/finetune/finetune_runs.csv,"{""column"":""test_mae_eV_per_atom"",""type"":""csv_cell"",""where"":{""N"":""100"",""family"":""nitride"",""seed"":""0""}}"
P1-C2-SET3-NITRIDE-N100-SEED1-MAE,seed_value,nitride,protocol_3,100,1,test_mae,0.07226,eV/atom,results/summaries/protocol_3/finetune/finetune_runs.csv,"{""column"":""test_mae_eV_per_atom"",""type"":""csv_cell"",""where"":{""N"":""100"",""family"":""nitride"",""seed"":""1""}}"
P1-C2-SET3-NITRIDE-N100-SEED2-MAE,seed_value,nitride,protocol_3,100,2,test_mae,0.07282,eV/atom,results/summaries/protocol_3/finetune/finetune_runs.csv,"{""column"":""test_mae_eV_per_atom"",""type"":""csv_cell"",""where"":{""N"":""100"",""family"":""nitride"",""seed"":""2""}}"
P1-C2-SET3-NITRIDE-N100-SEED3-MAE,seed_value,nitride,protocol_3,100,3,test_mae,0.07096,eV/atom,results/summaries/protocol_3/finetune/finetune_runs.csv,"{""column"":""test_mae_eV_per_atom"",""type"":""csv_cell"",""where"":{""N"":""100"",""family"":""nitride"",""seed"":""3""}}"
P1-C2-SET3-NITRIDE-N100-SEED4-MAE,seed_value,nitride,protocol_3,100,4,test_mae,0.07144,eV/atom,results/summaries/protocol_3/finetune/finetune_runs.csv,"{""column"":""test_mae_eV_per_atom"",""type"":""csv_cell"",""where"":{""N"":""100"",""family"":""nitride"",""seed"":""4""}}"
P1-C2-SET3-NITRIDE-N100-STD_TEST_MAE_EV_PER_ATOM,sample_sd,nitride,protocol_3,100,,std_test_mae_eV_per_atom,0.00076,eV/atom,results/summaries/protocol_3/finetune/finetune_summary_by_N.csv,"{""column"":""std_test_mae_eV_per_atom"",""type"":""csv_cell"",""where"":{""N"":""100"",""family"":""nitride""}}"
P1-C2-SET3-NITRIDE-N100-TRANSFER_GAIN_VS_ZERO_SHOT,difference,nitride,protocol_3,100,,transfer_gain_vs_zero_shot,-0.00222,eV/atom,results/summaries/protocol_3/finetune/finetune_summary_by_N.csv,"{""column"":""transfer_gain_vs_zero_shot"",""type"":""csv_cell"",""where"":{""N"":""100"",""family"":""nitride""}}"
P1-C2-SET3-NITRIDE-N1000-MEAN_BEST_EPOCH,mean,nitride,protocol_3,1000,,mean_best_epoch,78.4,epoch,results/summaries/protocol_3/finetune/finetune_summary_by_N.csv,"{""column"":""mean_best_epoch"",""type"":""csv_cell"",""where"":{""N"":""1000"",""family"":""nitride""}}"
P1-C2-SET3-NITRIDE-N1000-MEAN_TEST_MAE_EV_PER_ATOM,mean,nitride,protocol_3,1000,,mean_test_mae_eV_per_atom,0.07636,eV/atom,results/summaries/protocol_3/finetune/finetune_summary_by_N.csv,"{""column"":""mean_test_mae_eV_per_atom"",""type"":""csv_cell"",""where"":{""N"":""1000"",""family"":""nitride""}}"
P1-C2-SET3-NITRIDE-N1000-SEED0-MAE,seed_value,nitride,protocol_3,1000,0,test_mae,0.07619,eV/atom,results/summaries/protocol_3/finetune/finetune_runs.csv,"{""column"":""test_mae_eV_per_atom"",""type"":""csv_cell"",""where"":{""N"":""1000"",""family"":""nitride"",""seed"":""0""}}"
P1-C2-SET3-NITRIDE-N1000-SEED1-MAE,seed_value,nitride,protocol_3,1000,1,test_mae,0.07658,eV/atom,results/summaries/protocol_3/finetune/finetune_runs.csv,"{""column"":""test_mae_eV_per_atom"",""type"":""csv_cell"",""where"":{""N"":""1000"",""family"":""nitride"",""seed"":""1""}}"
P1-C2-SET3-NITRIDE-N1000-SEED2-MAE,seed_value,nitride,protocol_3,1000,2,test_mae,0.07654,eV/atom,results/summaries/protocol_3/finetune/finetune_runs.csv,"{""column"":""test_mae_eV_per_atom"",""type"":""csv_cell"",""where"":{""N"":""1000"",""family"":""nitride"",""seed"":""2""}}"
P1-C2-SET3-NITRIDE-N1000-SEED3-MAE,seed_value,nitride,protocol_3,1000,3,test_mae,0.07634,eV/atom,results/summaries/protocol_3/finetune/finetune_runs.csv,"{""column"":""test_mae_eV_per_atom"",""type"":""csv_cell"",""where"":{""N"":""1000"",""family"":""nitride"",""seed"":""3""}}"
P1-C2-SET3-NITRIDE-N1000-SEED4-MAE,seed_value,nitride,protocol_3,1000,4,test_mae,0.07614,eV/atom,results/summaries/protocol_3/finetune/finetune_runs.csv,"{""column"":""test_mae_eV_per_atom"",""type"":""csv_cell"",""where"":{""N"":""1000"",""family"":""nitride"",""seed"":""4""}}"
P1-C2-SET3-NITRIDE-N1000-STD_TEST_MAE_EV_PER_ATOM,sample_sd,nitride,protocol_3,1000,,std_test_mae_eV_per_atom,0.00020,eV/atom,results/summaries/protocol_3/finetune/finetune_summary_by_N.csv,"{""column"":""std_test_mae_eV_per_atom"",""type"":""csv_cell"",""where"":{""N"":""1000"",""family"":""nitride""}}"
P1-C2-SET3-NITRIDE-N1000-TRANSFER_GAIN_VS_ZERO_SHOT,difference,nitride,protocol_3,1000,,transfer_gain_vs_zero_shot,-0.00682,eV/atom,results/summaries/protocol_3/finetune/finetune_summary_by_N.csv,"{""column"":""transfer_gain_vs_zero_shot"",""type"":""csv_cell"",""where"":{""N"":""1000"",""family"":""nitride""}}"
P1-C2-SET3-NITRIDE-N200-MEAN_BEST_EPOCH,mean,nitride,protocol_3,200,,mean_best_epoch,1.0,epoch,results/summaries/protocol_3/finetune/finetune_summary_by_N.csv,"{""column"":""mean_best_epoch"",""type"":""csv_cell"",""where"":{""N"":""200"",""family"":""nitride""}}"
P1-C2-SET3-NITRIDE-N200-MEAN_TEST_MAE_EV_PER_ATOM,mean,nitride,protocol_3,200,,mean_test_mae_eV_per_atom,0.07440,eV/atom,results/summaries/protocol_3/finetune/finetune_summary_by_N.csv,"{""column"":""mean_test_mae_eV_per_atom"",""type"":""csv_cell"",""where"":{""N"":""200"",""family"":""nitride""}}"
P1-C2-SET3-NITRIDE-N200-SEED0-MAE,seed_value,nitride,protocol_3,200,0,test_mae,0.07398,eV/atom,results/summaries/protocol_3/finetune/finetune_runs.csv,"{""column"":""test_mae_eV_per_atom"",""type"":""csv_cell"",""where"":{""N"":""200"",""family"":""nitride"",""seed"":""0""}}"
P1-C2-SET3-NITRIDE-N200-SEED1-MAE,seed_value,nitride,protocol_3,200,1,test_mae,0.07542,eV/atom,results/summaries/protocol_3/finetune/finetune_runs.csv,"{""column"":""test_mae_eV_per_atom"",""type"":""csv_cell"",""where"":{""N"":""200"",""family"":""nitride"",""seed"":""1""}}"
P1-C2-SET3-NITRIDE-N200-SEED2-MAE,seed_value,nitride,protocol_3,200,2,test_mae,0.07464,eV/atom,results/summaries/protocol_3/finetune/finetune_runs.csv,"{""column"":""test_mae_eV_per_atom"",""type"":""csv_cell"",""where"":{""N"":""200"",""family"":""nitride"",""seed"":""2""}}"
P1-C2-SET3-NITRIDE-N200-SEED3-MAE,seed_value,nitride,protocol_3,200,3,test_mae,0.07411,eV/atom,results/summaries/protocol_3/finetune/finetune_runs.csv,"{""column"":""test_mae_eV_per_atom"",""type"":""csv_cell"",""where"":{""N"":""200"",""family"":""nitride"",""seed"":""3""}}"
P1-C2-SET3-NITRIDE-N200-SEED4-MAE,seed_value,nitride,protocol_3,200,4,test_mae,0.07387,eV/atom,results/summaries/protocol_3/finetune/finetune_runs.csv,"{""column"":""test_mae_eV_per_atom"",""type"":""csv_cell"",""where"":{""N"":""200"",""family"":""nitride"",""seed"":""4""}}"
P1-C2-SET3-NITRIDE-N200-STD_TEST_MAE_EV_PER_ATOM,sample_sd,nitride,protocol_3,200,,std_test_mae_eV_per_atom,0.00064,eV/atom,results/summaries/protocol_3/finetune/finetune_summary_by_N.csv,"{""column"":""std_test_mae_eV_per_atom"",""type"":""csv_cell"",""where"":{""N"":""200"",""family"":""nitride""}}"
P1-C2-SET3-NITRIDE-N200-TRANSFER_GAIN_VS_ZERO_SHOT,difference,nitride,protocol_3,200,,transfer_gain_vs_zero_shot,-0.00486,eV/atom,results/summaries/protocol_3/finetune/finetune_summary_by_N.csv,"{""column"":""transfer_gain_vs_zero_shot"",""type"":""csv_cell"",""where"":{""N"":""200"",""family"":""nitride""}}"
P1-C2-SET3-NITRIDE-N50-MEAN_BEST_EPOCH,mean,nitride,protocol_3,50,,mean_best_epoch,1.0,epoch,results/summaries/protocol_3/finetune/finetune_summary_by_N.csv,"{""column"":""mean_best_epoch"",""type"":""csv_cell"",""where"":{""N"":""50"",""family"":""nitride""}}"
P1-C2-SET3-NITRIDE-N50-MEAN_TEST_MAE_EV_PER_ATOM,mean,nitride,protocol_3,50,,mean_test_mae_eV_per_atom,0.07071,eV/atom,results/summaries/protocol_3/finetune/finetune_summary_by_N.csv,"{""column"":""mean_test_mae_eV_per_atom"",""type"":""csv_cell"",""where"":{""N"":""50"",""family"":""nitride""}}"
P1-C2-SET3-NITRIDE-N50-SEED0-MAE,seed_value,nitride,protocol_3,50,0,test_mae,0.07059,eV/atom,results/summaries/protocol_3/finetune/finetune_runs.csv,"{""column"":""test_mae_eV_per_atom"",""type"":""csv_cell"",""where"":{""N"":""50"",""family"":""nitride"",""seed"":""0""}}"
P1-C2-SET3-NITRIDE-N50-SEED1-MAE,seed_value,nitride,protocol_3,50,1,test_mae,0.07047,eV/atom,results/summaries/protocol_3/finetune/finetune_runs.csv,"{""column"":""test_mae_eV_per_atom"",""type"":""csv_cell"",""where"":{""N"":""50"",""family"":""nitride"",""seed"":""1""}}"
P1-C2-SET3-NITRIDE-N50-SEED2-MAE,seed_value,nitride,protocol_3,50,2,test_mae,0.07177,eV/atom,results/summaries/protocol_3/finetune/finetune_runs.csv,"{""column"":""test_mae_eV_per_atom"",""type"":""csv_cell"",""where"":{""N"":""50"",""family"":""nitride"",""seed"":""2""}}"
P1-C2-SET3-NITRIDE-N50-SEED3-MAE,seed_value,nitride,protocol_3,50,3,test_mae,0.07026,eV/atom,results/summaries/protocol_3/finetune/finetune_runs.csv,"{""column"":""test_mae_eV_per_atom"",""type"":""csv_cell"",""where"":{""N"":""50"",""family"":""nitride"",""seed"":""3""}}"
P1-C2-SET3-NITRIDE-N50-SEED4-MAE,seed_value,nitride,protocol_3,50,4,test_mae,0.07046,eV/atom,results/summaries/protocol_3/finetune/finetune_runs.csv,"{""column"":""test_mae_eV_per_atom"",""type"":""csv_cell"",""where"":{""N"":""50"",""family"":""nitride"",""seed"":""4""}}"
P1-C2-SET3-NITRIDE-N50-STD_TEST_MAE_EV_PER_ATOM,sample_sd,nitride,protocol_3,50,,std_test_mae_eV_per_atom,0.00060,eV/atom,results/summaries/protocol_3/finetune/finetune_summary_by_N.csv,"{""column"":""std_test_mae_eV_per_atom"",""type"":""csv_cell"",""where"":{""N"":""50"",""family"":""nitride""}}"
P1-C2-SET3-NITRIDE-N50-TRANSFER_GAIN_VS_ZERO_SHOT,difference,nitride,protocol_3,50,,transfer_gain_vs_zero_shot,-0.00117,eV/atom,results/summaries/protocol_3/finetune/finetune_summary_by_N.csv,"{""column"":""transfer_gain_vs_zero_shot"",""type"":""csv_cell"",""where"":{""N"":""50"",""family"":""nitride""}}"
P1-C2-SET3-NITRIDE-N500-MEAN_BEST_EPOCH,mean,nitride,protocol_3,500,,mean_best_epoch,78.6,epoch,results/summaries/protocol_3/finetune/finetune_summary_by_N.csv,"{""column"":""mean_best_epoch"",""type"":""csv_cell"",""where"":{""N"":""500"",""family"":""nitride""}}"
P1-C2-SET3-NITRIDE-N500-MEAN_TEST_MAE_EV_PER_ATOM,mean,nitride,protocol_3,500,,mean_test_mae_eV_per_atom,0.08152,eV/atom,results/summaries/protocol_3/finetune/finetune_summary_by_N.csv,"{""column"":""mean_test_mae_eV_per_atom"",""type"":""csv_cell"",""where"":{""N"":""500"",""family"":""nitride""}}"
P1-C2-SET3-NITRIDE-N500-SEED0-MAE,seed_value,nitride,protocol_3,500,0,test_mae,0.08392,eV/atom,results/summaries/protocol_3/finetune/finetune_runs.csv,"{""column"":""test_mae_eV_per_atom"",""type"":""csv_cell"",""where"":{""N"":""500"",""family"":""nitride"",""seed"":""0""}}"
P1-C2-SET3-NITRIDE-N500-SEED1-MAE,seed_value,nitride,protocol_3,500,1,test_mae,0.08174,eV/atom,results/summaries/protocol_3/finetune/finetune_runs.csv,"{""column"":""test_mae_eV_per_atom"",""type"":""csv_cell"",""where"":{""N"":""500"",""family"":""nitride"",""seed"":""1""}}"
P1-C2-SET3-NITRIDE-N500-SEED2-MAE,seed_value,nitride,protocol_3,500,2,test_mae,0.08123,eV/atom,results/summaries/protocol_3/finetune/finetune_runs.csv,"{""column"":""test_mae_eV_per_atom"",""type"":""csv_cell"",""where"":{""N"":""500"",""family"":""nitride"",""seed"":""2""}}"
P1-C2-SET3-NITRIDE-N500-SEED3-MAE,seed_value,nitride,protocol_3,500,3,test_mae,0.07982,eV/atom,results/summaries/protocol_3/finetune/finetune_runs.csv,"{""column"":""test_mae_eV_per_atom"",""type"":""csv_cell"",""where"":{""N"":""500"",""family"":""nitride"",""seed"":""3""}}"
P1-C2-SET3-NITRIDE-N500-SEED4-MAE,seed_value,nitride,protocol_3,500,4,test_mae,0.08091,eV/atom,results/summaries/protocol_3/finetune/finetune_runs.csv,"{""column"":""test_mae_eV_per_atom"",""type"":""csv_cell"",""where"":{""N"":""500"",""family"":""nitride"",""seed"":""4""}}"
P1-C2-SET3-NITRIDE-N500-STD_TEST_MAE_EV_PER_ATOM,sample_sd,nitride,protocol_3,500,,std_test_mae_eV_per_atom,0.00151,eV/atom,results/summaries/protocol_3/finetune/finetune_summary_by_N.csv,"{""column"":""std_test_mae_eV_per_atom"",""type"":""csv_cell"",""where"":{""N"":""500"",""family"":""nitride""}}"
P1-C2-SET3-NITRIDE-N500-TRANSFER_GAIN_VS_ZERO_SHOT,difference,nitride,protocol_3,500,,transfer_gain_vs_zero_shot,-0.01198,eV/atom,results/summaries/protocol_3/finetune/finetune_summary_by_N.csv,"{""column"":""transfer_gain_vs_zero_shot"",""type"":""csv_cell"",""where"":{""N"":""500"",""family"":""nitride""}}"
P1-C2-SET3-OXIDE-N10-MEAN_BEST_EPOCH,mean,oxide,protocol_3,10,,mean_best_epoch,1.0,epoch,results/summaries/protocol_3/finetune/finetune_summary_by_N.csv,"{""column"":""mean_best_epoch"",""type"":""csv_cell"",""where"":{""N"":""10"",""family"":""oxide""}}"
P1-C2-SET3-OXIDE-N10-MEAN_TEST_MAE_EV_PER_ATOM,mean,oxide,protocol_3,10,,mean_test_mae_eV_per_atom,0.03627,eV/atom,results/summaries/protocol_3/finetune/finetune_summary_by_N.csv,"{""column"":""mean_test_mae_eV_per_atom"",""type"":""csv_cell"",""where"":{""N"":""10"",""family"":""oxide""}}"
P1-C2-SET3-OXIDE-N10-SEED0-MAE,seed_value,oxide,protocol_3,10,0,test_mae,0.03918,eV/atom,results/summaries/protocol_3/finetune/finetune_runs.csv,"{""column"":""test_mae_eV_per_atom"",""type"":""csv_cell"",""where"":{""N"":""10"",""family"":""oxide"",""seed"":""0""}}"
P1-C2-SET3-OXIDE-N10-SEED1-MAE,seed_value,oxide,protocol_3,10,1,test_mae,0.03739,eV/atom,results/summaries/protocol_3/finetune/finetune_runs.csv,"{""column"":""test_mae_eV_per_atom"",""type"":""csv_cell"",""where"":{""N"":""10"",""family"":""oxide"",""seed"":""1""}}"
P1-C2-SET3-OXIDE-N10-SEED2-MAE,seed_value,oxide,protocol_3,10,2,test_mae,0.03462,eV/atom,results/summaries/protocol_3/finetune/finetune_runs.csv,"{""column"":""test_mae_eV_per_atom"",""type"":""csv_cell"",""where"":{""N"":""10"",""family"":""oxide"",""seed"":""2""}}"
P1-C2-SET3-OXIDE-N10-SEED3-MAE,seed_value,oxide,protocol_3,10,3,test_mae,0.03566,eV/atom,results/summaries/protocol_3/finetune/finetune_runs.csv,"{""column"":""test_mae_eV_per_atom"",""type"":""csv_cell"",""where"":{""N"":""10"",""family"":""oxide"",""seed"":""3""}}"
P1-C2-SET3-OXIDE-N10-SEED4-MAE,seed_value,oxide,protocol_3,10,4,test_mae,0.03448,eV/atom,results/summaries/protocol_3/finetune/finetune_runs.csv,"{""column"":""test_mae_eV_per_atom"",""type"":""csv_cell"",""where"":{""N"":""10"",""family"":""oxide"",""seed"":""4""}}"
P1-C2-SET3-OXIDE-N10-STD_TEST_MAE_EV_PER_ATOM,sample_sd,oxide,protocol_3,10,,std_test_mae_eV_per_atom,0.00200,eV/atom,results/summaries/protocol_3/finetune/finetune_summary_by_N.csv,"{""column"":""std_test_mae_eV_per_atom"",""type"":""csv_cell"",""where"":{""N"":""10"",""family"":""oxide""}}"
P1-C2-SET3-OXIDE-N10-TRANSFER_GAIN_VS_ZERO_SHOT,difference,oxide,protocol_3,10,,transfer_gain_vs_zero_shot,-0.00208,eV/atom,results/summaries/protocol_3/finetune/finetune_summary_by_N.csv,"{""column"":""transfer_gain_vs_zero_shot"",""type"":""csv_cell"",""where"":{""N"":""10"",""family"":""oxide""}}"
P1-C2-SET3-OXIDE-N100-MEAN_BEST_EPOCH,mean,oxide,protocol_3,100,,mean_best_epoch,67.0,epoch,results/summaries/protocol_3/finetune/finetune_summary_by_N.csv,"{""column"":""mean_best_epoch"",""type"":""csv_cell"",""where"":{""N"":""100"",""family"":""oxide""}}"
P1-C2-SET3-OXIDE-N100-MEAN_TEST_MAE_EV_PER_ATOM,mean,oxide,protocol_3,100,,mean_test_mae_eV_per_atom,0.03685,eV/atom,results/summaries/protocol_3/finetune/finetune_summary_by_N.csv,"{""column"":""mean_test_mae_eV_per_atom"",""type"":""csv_cell"",""where"":{""N"":""100"",""family"":""oxide""}}"
P1-C2-SET3-OXIDE-N100-SEED0-MAE,seed_value,oxide,protocol_3,100,0,test_mae,0.03623,eV/atom,results/summaries/protocol_3/finetune/finetune_runs.csv,"{""column"":""test_mae_eV_per_atom"",""type"":""csv_cell"",""where"":{""N"":""100"",""family"":""oxide"",""seed"":""0""}}"
P1-C2-SET3-OXIDE-N100-SEED1-MAE,seed_value,oxide,protocol_3,100,1,test_mae,0.03666,eV/atom,results/summaries/protocol_3/finetune/finetune_runs.csv,"{""column"":""test_mae_eV_per_atom"",""type"":""csv_cell"",""where"":{""N"":""100"",""family"":""oxide"",""seed"":""1""}}"
P1-C2-SET3-OXIDE-N100-SEED2-MAE,seed_value,oxide,protocol_3,100,2,test_mae,0.03648,eV/atom,results/summaries/protocol_3/finetune/finetune_runs.csv,"{""column"":""test_mae_eV_per_atom"",""type"":""csv_cell"",""where"":{""N"":""100"",""family"":""oxide"",""seed"":""2""}}"
P1-C2-SET3-OXIDE-N100-SEED3-MAE,seed_value,oxide,protocol_3,100,3,test_mae,0.03580,eV/atom,results/summaries/protocol_3/finetune/finetune_runs.csv,"{""column"":""test_mae_eV_per_atom"",""type"":""csv_cell"",""where"":{""N"":""100"",""family"":""oxide"",""seed"":""3""}}"
P1-C2-SET3-OXIDE-N100-SEED4-MAE,seed_value,oxide,protocol_3,100,4,test_mae,0.03910,eV/atom,results/summaries/protocol_3/finetune/finetune_runs.csv,"{""column"":""test_mae_eV_per_atom"",""type"":""csv_cell"",""where"":{""N"":""100"",""family"":""oxide"",""seed"":""4""}}"
P1-C2-SET3-OXIDE-N100-STD_TEST_MAE_EV_PER_ATOM,sample_sd,oxide,protocol_3,100,,std_test_mae_eV_per_atom,0.00130,eV/atom,results/summaries/protocol_3/finetune/finetune_summary_by_N.csv,"{""column"":""std_test_mae_eV_per_atom"",""type"":""csv_cell"",""where"":{""N"":""100"",""family"":""oxide""}}"
P1-C2-SET3-OXIDE-N100-TRANSFER_GAIN_VS_ZERO_SHOT,difference,oxide,protocol_3,100,,transfer_gain_vs_zero_shot,-0.00267,eV/atom,results/summaries/protocol_3/finetune/finetune_summary_by_N.csv,"{""column"":""transfer_gain_vs_zero_shot"",""type"":""csv_cell"",""where"":{""N"":""100"",""family"":""oxide""}}"
P1-C2-SET3-OXIDE-N1000-MEAN_BEST_EPOCH,mean,oxide,protocol_3,1000,,mean_best_epoch,57.0,epoch,results/summaries/protocol_3/finetune/finetune_summary_by_N.csv,"{""column"":""mean_best_epoch"",""type"":""csv_cell"",""where"":{""N"":""1000"",""family"":""oxide""}}"
P1-C2-SET3-OXIDE-N1000-MEAN_TEST_MAE_EV_PER_ATOM,mean,oxide,protocol_3,1000,,mean_test_mae_eV_per_atom,0.03557,eV/atom,results/summaries/protocol_3/finetune/finetune_summary_by_N.csv,"{""column"":""mean_test_mae_eV_per_atom"",""type"":""csv_cell"",""where"":{""N"":""1000"",""family"":""oxide""}}"
P1-C2-SET3-OXIDE-N1000-SEED0-MAE,seed_value,oxide,protocol_3,1000,0,test_mae,0.03580,eV/atom,results/summaries/protocol_3/finetune/finetune_runs.csv,"{""column"":""test_mae_eV_per_atom"",""type"":""csv_cell"",""where"":{""N"":""1000"",""family"":""oxide"",""seed"":""0""}}"
P1-C2-SET3-OXIDE-N1000-SEED1-MAE,seed_value,oxide,protocol_3,1000,1,test_mae,0.03571,eV/atom,results/summaries/protocol_3/finetune/finetune_runs.csv,"{""column"":""test_mae_eV_per_atom"",""type"":""csv_cell"",""where"":{""N"":""1000"",""family"":""oxide"",""seed"":""1""}}"
P1-C2-SET3-OXIDE-N1000-SEED2-MAE,seed_value,oxide,protocol_3,1000,2,test_mae,0.03551,eV/atom,results/summaries/protocol_3/finetune/finetune_runs.csv,"{""column"":""test_mae_eV_per_atom"",""type"":""csv_cell"",""where"":{""N"":""1000"",""family"":""oxide"",""seed"":""2""}}"
P1-C2-SET3-OXIDE-N1000-SEED3-MAE,seed_value,oxide,protocol_3,1000,3,test_mae,0.03552,eV/atom,results/summaries/protocol_3/finetune/finetune_runs.csv,"{""column"":""test_mae_eV_per_atom"",""type"":""csv_cell"",""where"":{""N"":""1000"",""family"":""oxide"",""seed"":""3""}}"
P1-C2-SET3-OXIDE-N1000-SEED4-MAE,seed_value,oxide,protocol_3,1000,4,test_mae,0.03532,eV/atom,results/summaries/protocol_3/finetune/finetune_runs.csv,"{""column"":""test_mae_eV_per_atom"",""type"":""csv_cell"",""where"":{""N"":""1000"",""family"":""oxide"",""seed"":""4""}}"
P1-C2-SET3-OXIDE-N1000-STD_TEST_MAE_EV_PER_ATOM,sample_sd,oxide,protocol_3,1000,,std_test_mae_eV_per_atom,0.00019,eV/atom,results/summaries/protocol_3/finetune/finetune_summary_by_N.csv,"{""column"":""std_test_mae_eV_per_atom"",""type"":""csv_cell"",""where"":{""N"":""1000"",""family"":""oxide""}}"
P1-C2-SET3-OXIDE-N1000-TRANSFER_GAIN_VS_ZERO_SHOT,difference,oxide,protocol_3,1000,,transfer_gain_vs_zero_shot,-0.00139,eV/atom,results/summaries/protocol_3/finetune/finetune_summary_by_N.csv,"{""column"":""transfer_gain_vs_zero_shot"",""type"":""csv_cell"",""where"":{""N"":""1000"",""family"":""oxide""}}"
P1-C2-SET3-OXIDE-N200-MEAN_BEST_EPOCH,mean,oxide,protocol_3,200,,mean_best_epoch,65.8,epoch,results/summaries/protocol_3/finetune/finetune_summary_by_N.csv,"{""column"":""mean_best_epoch"",""type"":""csv_cell"",""where"":{""N"":""200"",""family"":""oxide""}}"
P1-C2-SET3-OXIDE-N200-MEAN_TEST_MAE_EV_PER_ATOM,mean,oxide,protocol_3,200,,mean_test_mae_eV_per_atom,0.03617,eV/atom,results/summaries/protocol_3/finetune/finetune_summary_by_N.csv,"{""column"":""mean_test_mae_eV_per_atom"",""type"":""csv_cell"",""where"":{""N"":""200"",""family"":""oxide""}}"
P1-C2-SET3-OXIDE-N200-SEED0-MAE,seed_value,oxide,protocol_3,200,0,test_mae,0.03628,eV/atom,results/summaries/protocol_3/finetune/finetune_runs.csv,"{""column"":""test_mae_eV_per_atom"",""type"":""csv_cell"",""where"":{""N"":""200"",""family"":""oxide"",""seed"":""0""}}"
P1-C2-SET3-OXIDE-N200-SEED1-MAE,seed_value,oxide,protocol_3,200,1,test_mae,0.03602,eV/atom,results/summaries/protocol_3/finetune/finetune_runs.csv,"{""column"":""test_mae_eV_per_atom"",""type"":""csv_cell"",""where"":{""N"":""200"",""family"":""oxide"",""seed"":""1""}}"
P1-C2-SET3-OXIDE-N200-SEED2-MAE,seed_value,oxide,protocol_3,200,2,test_mae,0.03615,eV/atom,results/summaries/protocol_3/finetune/finetune_runs.csv,"{""column"":""test_mae_eV_per_atom"",""type"":""csv_cell"",""where"":{""N"":""200"",""family"":""oxide"",""seed"":""2""}}"
P1-C2-SET3-OXIDE-N200-SEED3-MAE,seed_value,oxide,protocol_3,200,3,test_mae,0.03595,eV/atom,results/summaries/protocol_3/finetune/finetune_runs.csv,"{""column"":""test_mae_eV_per_atom"",""type"":""csv_cell"",""where"":{""N"":""200"",""family"":""oxide"",""seed"":""3""}}"
P1-C2-SET3-OXIDE-N200-SEED4-MAE,seed_value,oxide,protocol_3,200,4,test_mae,0.03644,eV/atom,results/summaries/protocol_3/finetune/finetune_runs.csv,"{""column"":""test_mae_eV_per_atom"",""type"":""csv_cell"",""where"":{""N"":""200"",""family"":""oxide"",""seed"":""4""}}"
P1-C2-SET3-OXIDE-N200-STD_TEST_MAE_EV_PER_ATOM,sample_sd,oxide,protocol_3,200,,std_test_mae_eV_per_atom,0.00020,eV/atom,results/summaries/protocol_3/finetune/finetune_summary_by_N.csv,"{""column"":""std_test_mae_eV_per_atom"",""type"":""csv_cell"",""where"":{""N"":""200"",""family"":""oxide""}}"
P1-C2-SET3-OXIDE-N200-TRANSFER_GAIN_VS_ZERO_SHOT,difference,oxide,protocol_3,200,,transfer_gain_vs_zero_shot,-0.00199,eV/atom,results/summaries/protocol_3/finetune/finetune_summary_by_N.csv,"{""column"":""transfer_gain_vs_zero_shot"",""type"":""csv_cell"",""where"":{""N"":""200"",""family"":""oxide""}}"
P1-C2-SET3-OXIDE-N50-MEAN_BEST_EPOCH,mean,oxide,protocol_3,50,,mean_best_epoch,36.2,epoch,results/summaries/protocol_3/finetune/finetune_summary_by_N.csv,"{""column"":""mean_best_epoch"",""type"":""csv_cell"",""where"":{""N"":""50"",""family"":""oxide""}}"
P1-C2-SET3-OXIDE-N50-MEAN_TEST_MAE_EV_PER_ATOM,mean,oxide,protocol_3,50,,mean_test_mae_eV_per_atom,0.03844,eV/atom,results/summaries/protocol_3/finetune/finetune_summary_by_N.csv,"{""column"":""mean_test_mae_eV_per_atom"",""type"":""csv_cell"",""where"":{""N"":""50"",""family"":""oxide""}}"
P1-C2-SET3-OXIDE-N50-SEED0-MAE,seed_value,oxide,protocol_3,50,0,test_mae,0.03995,eV/atom,results/summaries/protocol_3/finetune/finetune_runs.csv,"{""column"":""test_mae_eV_per_atom"",""type"":""csv_cell"",""where"":{""N"":""50"",""family"":""oxide"",""seed"":""0""}}"
P1-C2-SET3-OXIDE-N50-SEED1-MAE,seed_value,oxide,protocol_3,50,1,test_mae,0.03982,eV/atom,results/summaries/protocol_3/finetune/finetune_runs.csv,"{""column"":""test_mae_eV_per_atom"",""type"":""csv_cell"",""where"":{""N"":""50"",""family"":""oxide"",""seed"":""1""}}"
P1-C2-SET3-OXIDE-N50-SEED2-MAE,seed_value,oxide,protocol_3,50,2,test_mae,0.03642,eV/atom,results/summaries/protocol_3/finetune/finetune_runs.csv,"{""column"":""test_mae_eV_per_atom"",""type"":""csv_cell"",""where"":{""N"":""50"",""family"":""oxide"",""seed"":""2""}}"
P1-C2-SET3-OXIDE-N50-SEED3-MAE,seed_value,oxide,protocol_3,50,3,test_mae,0.03618,eV/atom,results/summaries/protocol_3/finetune/finetune_runs.csv,"{""column"":""test_mae_eV_per_atom"",""type"":""csv_cell"",""where"":{""N"":""50"",""family"":""oxide"",""seed"":""3""}}"
P1-C2-SET3-OXIDE-N50-SEED4-MAE,seed_value,oxide,protocol_3,50,4,test_mae,0.03983,eV/atom,results/summaries/protocol_3/finetune/finetune_runs.csv,"{""column"":""test_mae_eV_per_atom"",""type"":""csv_cell"",""where"":{""N"":""50"",""family"":""oxide"",""seed"":""4""}}"
P1-C2-SET3-OXIDE-N50-STD_TEST_MAE_EV_PER_ATOM,sample_sd,oxide,protocol_3,50,,std_test_mae_eV_per_atom,0.00196,eV/atom,results/summaries/protocol_3/finetune/finetune_summary_by_N.csv,"{""column"":""std_test_mae_eV_per_atom"",""type"":""csv_cell"",""where"":{""N"":""50"",""family"":""oxide""}}"
P1-C2-SET3-OXIDE-N50-TRANSFER_GAIN_VS_ZERO_SHOT,difference,oxide,protocol_3,50,,transfer_gain_vs_zero_shot,-0.00425,eV/atom,results/summaries/protocol_3/finetune/finetune_summary_by_N.csv,"{""column"":""transfer_gain_vs_zero_shot"",""type"":""csv_cell"",""where"":{""N"":""50"",""family"":""oxide""}}"
P1-C2-SET3-OXIDE-N500-MEAN_BEST_EPOCH,mean,oxide,protocol_3,500,,mean_best_epoch,58.8,epoch,results/summaries/protocol_3/finetune/finetune_summary_by_N.csv,"{""column"":""mean_best_epoch"",""type"":""csv_cell"",""where"":{""N"":""500"",""family"":""oxide""}}"
P1-C2-SET3-OXIDE-N500-MEAN_TEST_MAE_EV_PER_ATOM,mean,oxide,protocol_3,500,,mean_test_mae_eV_per_atom,0.03586,eV/atom,results/summaries/protocol_3/finetune/finetune_summary_by_N.csv,"{""column"":""mean_test_mae_eV_per_atom"",""type"":""csv_cell"",""where"":{""N"":""500"",""family"":""oxide""}}"
P1-C2-SET3-OXIDE-N500-SEED0-MAE,seed_value,oxide,protocol_3,500,0,test_mae,0.03634,eV/atom,results/summaries/protocol_3/finetune/finetune_runs.csv,"{""column"":""test_mae_eV_per_atom"",""type"":""csv_cell"",""where"":{""N"":""500"",""family"":""oxide"",""seed"":""0""}}"
P1-C2-SET3-OXIDE-N500-SEED1-MAE,seed_value,oxide,protocol_3,500,1,test_mae,0.03592,eV/atom,results/summaries/protocol_3/finetune/finetune_runs.csv,"{""column"":""test_mae_eV_per_atom"",""type"":""csv_cell"",""where"":{""N"":""500"",""family"":""oxide"",""seed"":""1""}}"
P1-C2-SET3-OXIDE-N500-SEED2-MAE,seed_value,oxide,protocol_3,500,2,test_mae,0.03567,eV/atom,results/summaries/protocol_3/finetune/finetune_runs.csv,"{""column"":""test_mae_eV_per_atom"",""type"":""csv_cell"",""where"":{""N"":""500"",""family"":""oxide"",""seed"":""2""}}"
P1-C2-SET3-OXIDE-N500-SEED3-MAE,seed_value,oxide,protocol_3,500,3,test_mae,0.03553,eV/atom,results/summaries/protocol_3/finetune/finetune_runs.csv,"{""column"":""test_mae_eV_per_atom"",""type"":""csv_cell"",""where"":{""N"":""500"",""family"":""oxide"",""seed"":""3""}}"
P1-C2-SET3-OXIDE-N500-SEED4-MAE,seed_value,oxide,protocol_3,500,4,test_mae,0.03586,eV/atom,results/summaries/protocol_3/finetune/finetune_runs.csv,"{""column"":""test_mae_eV_per_atom"",""type"":""csv_cell"",""where"":{""N"":""500"",""family"":""oxide"",""seed"":""4""}}"
P1-C2-SET3-OXIDE-N500-STD_TEST_MAE_EV_PER_ATOM,sample_sd,oxide,protocol_3,500,,std_test_mae_eV_per_atom,0.00031,eV/atom,results/summaries/protocol_3/finetune/finetune_summary_by_N.csv,"{""column"":""std_test_mae_eV_per_atom"",""type"":""csv_cell"",""where"":{""N"":""500"",""family"":""oxide""}}"
P1-C2-SET3-OXIDE-N500-TRANSFER_GAIN_VS_ZERO_SHOT,difference,oxide,protocol_3,500,,transfer_gain_vs_zero_shot,-0.00168,eV/atom,results/summaries/protocol_3/finetune/finetune_summary_by_N.csv,"{""column"":""transfer_gain_vs_zero_shot"",""type"":""csv_cell"",""where"":{""N"":""500"",""family"":""oxide""}}"
P1-S1-SCRATCH-NITRIDE-N50-SEEDS-SEED0-MAE,seed_value,nitride,protocol_1,50,0,test_mae,0.68415,eV/atom,results/summaries/protocol_1/from_scratch/from_scratch_runs.csv,"{""column"":""test_mae_eV_per_atom"",""type"":""csv_cell"",""where"":{""N"":""50"",""family"":""nitride"",""seed"":""0""}}"
P1-S1-SCRATCH-NITRIDE-N50-SEEDS-SEED1-MAE,seed_value,nitride,protocol_1,50,1,test_mae,0.68071,eV/atom,results/summaries/protocol_1/from_scratch/from_scratch_runs.csv,"{""column"":""test_mae_eV_per_atom"",""type"":""csv_cell"",""where"":{""N"":""50"",""family"":""nitride"",""seed"":""1""}}"
P1-S1-SCRATCH-NITRIDE-N50-SEEDS-SEED2-MAE,seed_value,nitride,protocol_1,50,2,test_mae,0.68083,eV/atom,results/summaries/protocol_1/from_scratch/from_scratch_runs.csv,"{""column"":""test_mae_eV_per_atom"",""type"":""csv_cell"",""where"":{""N"":""50"",""family"":""nitride"",""seed"":""2""}}"
P1-S1-SCRATCH-NITRIDE-N50-SEEDS-SEED3-MAE,seed_value,nitride,protocol_1,50,3,test_mae,0.71941,eV/atom,results/summaries/protocol_1/from_scratch/from_scratch_runs.csv,"{""column"":""test_mae_eV_per_atom"",""type"":""csv_cell"",""where"":{""N"":""50"",""family"":""nitride"",""seed"":""3""}}"
P1-S1-SCRATCH-NITRIDE-N50-SEEDS-SEED4-MAE,seed_value,nitride,protocol_1,50,4,test_mae,0.69207,eV/atom,results/summaries/protocol_1/from_scratch/from_scratch_runs.csv,"{""column"":""test_mae_eV_per_atom"",""type"":""csv_cell"",""where"":{""N"":""50"",""family"":""nitride"",""seed"":""4""}}"
P1-S1-SCRATCH-NITRIDE-N500-SEEDS-SEED0-MAE,seed_value,nitride,protocol_1,500,0,test_mae,0.35826,eV/atom,results/summaries/protocol_1/from_scratch/from_scratch_runs.csv,"{""column"":""test_mae_eV_per_atom"",""type"":""csv_cell"",""where"":{""N"":""500"",""family"":""nitride"",""seed"":""0""}}"
P1-S1-SCRATCH-NITRIDE-N500-SEEDS-SEED1-MAE,seed_value,nitride,protocol_1,500,1,test_mae,0.38506,eV/atom,results/summaries/protocol_1/from_scratch/from_scratch_runs.csv,"{""column"":""test_mae_eV_per_atom"",""type"":""csv_cell"",""where"":{""N"":""500"",""family"":""nitride"",""seed"":""1""}}"
P1-S1-SCRATCH-NITRIDE-N500-SEEDS-SEED2-MAE,seed_value,nitride,protocol_1,500,2,test_mae,0.39480,eV/atom,results/summaries/protocol_1/from_scratch/from_scratch_runs.csv,"{""column"":""test_mae_eV_per_atom"",""type"":""csv_cell"",""where"":{""N"":""500"",""family"":""nitride"",""seed"":""2""}}"
P1-S1-SCRATCH-NITRIDE-N500-SEEDS-SEED3-MAE,seed_value,nitride,protocol_1,500,3,test_mae,0.33530,eV/atom,results/summaries/protocol_1/from_scratch/from_scratch_runs.csv,"{""column"":""test_mae_eV_per_atom"",""type"":""csv_cell"",""where"":{""N"":""500"",""family"":""nitride"",""seed"":""3""}}"
P1-S1-SCRATCH-NITRIDE-N500-SEEDS-SEED4-MAE,seed_value,nitride,protocol_1,500,4,test_mae,0.36795,eV/atom,results/summaries/protocol_1/from_scratch/from_scratch_runs.csv,"{""column"":""test_mae_eV_per_atom"",""type"":""csv_cell"",""where"":{""N"":""500"",""family"":""nitride"",""seed"":""4""}}"
P1-S1-SCRATCH-OXIDE-N50-SEEDS-SEED0-MAE,seed_value,oxide,protocol_1,50,0,test_mae,0.60363,eV/atom,results/summaries/protocol_1/from_scratch/from_scratch_runs.csv,"{""column"":""test_mae_eV_per_atom"",""type"":""csv_cell"",""where"":{""N"":""50"",""family"":""oxide"",""seed"":""0""}}"
P1-S1-SCRATCH-OXIDE-N50-SEEDS-SEED1-MAE,seed_value,oxide,protocol_1,50,1,test_mae,0.57328,eV/atom,results/summaries/protocol_1/from_scratch/from_scratch_runs.csv,"{""column"":""test_mae_eV_per_atom"",""type"":""csv_cell"",""where"":{""N"":""50"",""family"":""oxide"",""seed"":""1""}}"
P1-S1-SCRATCH-OXIDE-N50-SEEDS-SEED2-MAE,seed_value,oxide,protocol_1,50,2,test_mae,0.49111,eV/atom,results/summaries/protocol_1/from_scratch/from_scratch_runs.csv,"{""column"":""test_mae_eV_per_atom"",""type"":""csv_cell"",""where"":{""N"":""50"",""family"":""oxide"",""seed"":""2""}}"
P1-S1-SCRATCH-OXIDE-N50-SEEDS-SEED3-MAE,seed_value,oxide,protocol_1,50,3,test_mae,0.51039,eV/atom,results/summaries/protocol_1/from_scratch/from_scratch_runs.csv,"{""column"":""test_mae_eV_per_atom"",""type"":""csv_cell"",""where"":{""N"":""50"",""family"":""oxide"",""seed"":""3""}}"
P1-S1-SCRATCH-OXIDE-N50-SEEDS-SEED4-MAE,seed_value,oxide,protocol_1,50,4,test_mae,0.60186,eV/atom,results/summaries/protocol_1/from_scratch/from_scratch_runs.csv,"{""column"":""test_mae_eV_per_atom"",""type"":""csv_cell"",""where"":{""N"":""50"",""family"":""oxide"",""seed"":""4""}}"
P1-S1-SCRATCH-OXIDE-N500-SEEDS-SEED0-MAE,seed_value,oxide,protocol_1,500,0,test_mae,0.25190,eV/atom,results/summaries/protocol_1/from_scratch/from_scratch_runs.csv,"{""column"":""test_mae_eV_per_atom"",""type"":""csv_cell"",""where"":{""N"":""500"",""family"":""oxide"",""seed"":""0""}}"
P1-S1-SCRATCH-OXIDE-N500-SEEDS-SEED1-MAE,seed_value,oxide,protocol_1,500,1,test_mae,0.30099,eV/atom,results/summaries/protocol_1/from_scratch/from_scratch_runs.csv,"{""column"":""test_mae_eV_per_atom"",""type"":""csv_cell"",""where"":{""N"":""500"",""family"":""oxide"",""seed"":""1""}}"
P1-S1-SCRATCH-OXIDE-N500-SEEDS-SEED2-MAE,seed_value,oxide,protocol_1,500,2,test_mae,0.26913,eV/atom,results/summaries/protocol_1/from_scratch/from_scratch_runs.csv,"{""column"":""test_mae_eV_per_atom"",""type"":""csv_cell"",""where"":{""N"":""500"",""family"":""oxide"",""seed"":""2""}}"
P1-S1-SCRATCH-OXIDE-N500-SEEDS-SEED3-MAE,seed_value,oxide,protocol_1,500,3,test_mae,0.25811,eV/atom,results/summaries/protocol_1/from_scratch/from_scratch_runs.csv,"{""column"":""test_mae_eV_per_atom"",""type"":""csv_cell"",""where"":{""N"":""500"",""family"":""oxide"",""seed"":""3""}}"
P1-S1-SCRATCH-OXIDE-N500-SEEDS-SEED4-MAE,seed_value,oxide,protocol_1,500,4,test_mae,0.24153,eV/atom,results/summaries/protocol_1/from_scratch/from_scratch_runs.csv,"{""column"":""test_mae_eV_per_atom"",""type"":""csv_cell"",""where"":{""N"":""500"",""family"":""oxide"",""seed"":""4""}}"
P1-TABLE1-NITRIDE-COMPOSITION-ALL,count,nitride,dataset_qa,,,all,2288,count,data/nitride/summaries/summary.json,"{""pointer"":""/counts/all"",""type"":""json_pointer""}"
P1-TABLE1-NITRIDE-COMPOSITION-OXYNITRIDES,count,nitride,dataset_qa,,,oxynitride_count_in_family,0,count,data/nitride/summaries/summary.json,"{""pointer"":""/oxynitride_count_in_family"",""type"":""json_pointer""}"
P1-TABLE1-NITRIDE-COMPOSITION-POOL,count,nitride,dataset_qa,,,pool,2046,count,data/nitride/summaries/summary.json,"{""pointer"":""/counts/pool"",""type"":""json_pointer""}"
P1-TABLE1-NITRIDE-COMPOSITION-TEST,count,nitride,dataset_qa,,,test,242,count,data/nitride/summaries/summary.json,"{""pointer"":""/counts/test"",""type"":""json_pointer""}"
P1-TABLE1-NITRIDE-COMPOSITION-TRAIN,count,nitride,dataset_qa,,,train,1837,count,data/nitride/summaries/summary.json,"{""pointer"":""/counts/train"",""type"":""json_pointer""}"
P1-TABLE1-NITRIDE-COMPOSITION-VAL,count,nitride,dataset_qa,,,val,209,count,data/nitride/summaries/summary.json,"{""pointer"":""/counts/val"",""type"":""json_pointer""}"
P1-TABLE1-OXIDE-COMPOSITION-ALL,count,oxide,dataset_qa,,,all,14991,count,data/oxide/summaries/summary.json,"{""pointer"":""/counts/all"",""type"":""json_pointer""}"
P1-TABLE1-OXIDE-COMPOSITION-OXYNITRIDES,count,oxide,dataset_qa,,,oxynitride_count_in_family,499,count,data/oxide/summaries/summary.json,"{""pointer"":""/oxynitride_count_in_family"",""type"":""json_pointer""}"
P1-TABLE1-OXIDE-COMPOSITION-POOL,count,oxide,dataset_qa,,,pool,13507,count,data/oxide/summaries/summary.json,"{""pointer"":""/counts/pool"",""type"":""json_pointer""}"
P1-TABLE1-OXIDE-COMPOSITION-TEST,count,oxide,dataset_qa,,,test,1484,count,data/oxide/summaries/summary.json,"{""pointer"":""/counts/test"",""type"":""json_pointer""}"
P1-TABLE1-OXIDE-COMPOSITION-TRAIN,count,oxide,dataset_qa,,,train,11960,count,data/oxide/summaries/summary.json,"{""pointer"":""/counts/train"",""type"":""json_pointer""}"
P1-TABLE1-OXIDE-COMPOSITION-VAL,count,oxide,dataset_qa,,,val,1547,count,data/oxide/summaries/summary.json,"{""pointer"":""/counts/val"",""type"":""json_pointer""}"
P1-TABLE2-SET1-PROTOCOL-BATCH_SIZE,hyperparameter,shared,protocol_1,,,batch_size,16.0000,count,results/summaries/protocol_1/finetune/finetune_runs.csv,"{""column"":""batch_size"",""expected_rows"":60,""type"":""csv_constant_column""}"
P1-TABLE2-SET1-PROTOCOL-EPOCHS,hyperparameter,shared,protocol_1,,,epochs,50.0,epoch,results/summaries/protocol_1/finetune/finetune_runs.csv,"{""column"":""epochs"",""expected_rows"":60,""type"":""csv_constant_column""}"
P1-TABLE2-SET1-PROTOCOL-LEARNING_RATE,hyperparameter,shared,protocol_1,,,learning_rate,0.0001,dimensionless,results/summaries/protocol_1/finetune/finetune_runs.csv,"{""column"":""learning_rate"",""expected_rows"":60,""type"":""csv_constant_column""}"
P1-TABLE2-SET2-PROTOCOL-BATCH_SIZE,hyperparameter,shared,protocol_2,,,batch_size,64.0000,count,results/summaries/protocol_2/finetune/finetune_runs.csv,"{""column"":""batch_size"",""expected_rows"":60,""type"":""csv_constant_column""}"
P1-TABLE2-SET2-PROTOCOL-EPOCHS,hyperparameter,shared,protocol_2,,,epochs,300.0,epoch,results/summaries/protocol_2/finetune/finetune_runs.csv,"{""column"":""epochs"",""expected_rows"":60,""type"":""csv_constant_column""}"
P1-TABLE2-SET2-PROTOCOL-LEARNING_RATE,hyperparameter,shared,protocol_2,,,learning_rate,0.0010,dimensionless,results/summaries/protocol_2/finetune/finetune_runs.csv,"{""column"":""learning_rate"",""expected_rows"":60,""type"":""csv_constant_column""}"
P1-TABLE2-SET3-PROTOCOL-BATCH_SIZE,hyperparameter,shared,protocol_3,,,batch_size,32.0000,count,results/summaries/protocol_3/finetune/finetune_runs.csv,"{""column"":""batch_size"",""expected_rows"":60,""type"":""csv_constant_column""}"
P1-TABLE2-SET3-PROTOCOL-EPOCHS,hyperparameter,shared,protocol_3,,,epochs,100.0,epoch,results/summaries/protocol_3/finetune/finetune_runs.csv,"{""column"":""epochs"",""expected_rows"":60,""type"":""csv_constant_column""}"
P1-TABLE2-SET3-PROTOCOL-LEARNING_RATE,hyperparameter,shared,protocol_3,,,learning_rate,0.0001,dimensionless,results/summaries/protocol_3/finetune/finetune_runs.csv,"{""column"":""learning_rate"",""expected_rows"":60,""type"":""csv_constant_column""}"
P1-TABLE2-TRAINABLE-SCOPE-TOTAL_PARAMETER_COUNT,count,shared,protocol_1_protocol_2_protocol_3,,,total_parameter_count,4026753,parameter_count,results/protocol_1/oxide/N10_seed0/finetune_last2/partial_finetune_meta.json,"{""pointer"":""/n_total_params"",""type"":""json_pointer""}"
P1-TABLE2-TRAINABLE-SCOPE-TRAINABLE_PARAMETER_COUNT,count,shared,protocol_1_protocol_2_protocol_3,,,trainable_parameter_count,330241,parameter_count,results/protocol_1/oxide/N10_seed0/finetune_last2/partial_finetune_meta.json,"{""pointer"":""/n_trainable_params"",""type"":""json_pointer""}"
P1-TABLE2-TRAINABLE-SCOPE-TRAINABLE_TENSOR_COUNT,count,shared,protocol_1_protocol_2_protocol_3,,,trainable_tensor_count,16,tensor,results/protocol_1/oxide/N10_seed0/finetune_last2/partial_finetune_meta.json,"{""pointer"":""/trainable_parameter_names"",""type"":""json_array_length""}"
REG-CN_FS_S1_NITRIDE_N500_GAIN_VS_ZERO_SHOT-VALUE,mean,nitride,protocol_1,500,,gain_vs_zero_shot,-0.29873,eV/atom,results/summaries/protocol_1/from_scratch/from_scratch_summary_corrected_five_seed.csv,"{""columns"":[""zero_shot_mae_eV_per_atom"",""scratch_mean_test_mae_eV_per_atom""],""operation"":""subtract"",""type"":""csv_formula"",""where"":{""N"":""500"",""family"":""nitride""}}"
REG-CN_FS_S1_NITRIDE_N500_MEAN_TEST_MAE-VALUE,mean,nitride,protocol_1,500,,mean_test_mae,0.36827,eV/atom,results/summaries/protocol_1/from_scratch/from_scratch_summary_corrected_five_seed.csv,"{""column"":""scratch_mean_test_mae_eV_per_atom"",""type"":""csv_cell"",""where"":{""N"":""500"",""family"":""nitride""}}"
REG-CN_FS_S1_NITRIDE_N500_STD_TEST_MAE-VALUE,sample_sd,nitride,protocol_1,500,,std_test_mae,0.02331,eV/atom,results/summaries/protocol_1/from_scratch/from_scratch_summary_corrected_five_seed.csv,"{""column"":""scratch_std_test_mae_eV_per_atom"",""type"":""csv_cell"",""where"":{""N"":""500"",""family"":""nitride""}}"
REG-CN_FS_S1_NITRIDE_N50_GAIN_VS_ZERO_SHOT-VALUE,mean,nitride,protocol_1,50,,gain_vs_zero_shot,-0.62189,eV/atom,results/summaries/protocol_1/from_scratch/from_scratch_summary_corrected_five_seed.csv,"{""columns"":[""zero_shot_mae_eV_per_atom"",""scratch_mean_test_mae_eV_per_atom""],""operation"":""subtract"",""type"":""csv_formula"",""where"":{""N"":""50"",""family"":""nitride""}}"
REG-CN_FS_S1_NITRIDE_N50_MEAN_TEST_MAE-VALUE,mean,nitride,protocol_1,50,,mean_test_mae,0.69143,eV/atom,results/summaries/protocol_1/from_scratch/from_scratch_summary_corrected_five_seed.csv,"{""column"":""scratch_mean_test_mae_eV_per_atom"",""type"":""csv_cell"",""where"":{""N"":""50"",""family"":""nitride""}}"
REG-CN_FS_S1_NITRIDE_N50_STD_TEST_MAE-VALUE,sample_sd,nitride,protocol_1,50,,std_test_mae,0.01631,eV/atom,results/summaries/protocol_1/from_scratch/from_scratch_summary_corrected_five_seed.csv,"{""column"":""scratch_std_test_mae_eV_per_atom"",""type"":""csv_cell"",""where"":{""N"":""50"",""family"":""nitride""}}"
REG-CN_FS_S1_OXIDE_N500_GAIN_VS_ZERO_SHOT-VALUE,mean,oxide,protocol_1,500,,gain_vs_zero_shot,-0.23015,eV/atom,results/summaries/protocol_1/from_scratch/from_scratch_summary_corrected_five_seed.csv,"{""columns"":[""zero_shot_mae_eV_per_atom"",""scratch_mean_test_mae_eV_per_atom""],""operation"":""subtract"",""type"":""csv_formula"",""where"":{""N"":""500"",""family"":""oxide""}}"
REG-CN_FS_S1_OXIDE_N500_MEAN_TEST_MAE-VALUE,mean,oxide,protocol_1,500,,mean_test_mae,0.26434,eV/atom,results/summaries/protocol_1/from_scratch/from_scratch_summary_corrected_five_seed.csv,"{""column"":""scratch_mean_test_mae_eV_per_atom"",""type"":""csv_cell"",""where"":{""N"":""500"",""family"":""oxide""}}"
REG-CN_FS_S1_OXIDE_N500_STD_TEST_MAE-VALUE,sample_sd,oxide,protocol_1,500,,std_test_mae,0.02280,eV/atom,results/summaries/protocol_1/from_scratch/from_scratch_summary_corrected_five_seed.csv,"{""column"":""scratch_std_test_mae_eV_per_atom"",""type"":""csv_cell"",""where"":{""N"":""500"",""family"":""oxide""}}"
REG-CN_FS_S1_OXIDE_N50_GAIN_VS_ZERO_SHOT-VALUE,mean,oxide,protocol_1,50,,gain_vs_zero_shot,-0.52187,eV/atom,results/summaries/protocol_1/from_scratch/from_scratch_summary_corrected_five_seed.csv,"{""columns"":[""zero_shot_mae_eV_per_atom"",""scratch_mean_test_mae_eV_per_atom""],""operation"":""subtract"",""type"":""csv_formula"",""where"":{""N"":""50"",""family"":""oxide""}}"
REG-CN_FS_S1_OXIDE_N50_MEAN_TEST_MAE-VALUE,mean,oxide,protocol_1,50,,mean_test_mae,0.55605,eV/atom,results/summaries/protocol_1/from_scratch/from_scratch_summary_corrected_five_seed.csv,"{""column"":""scratch_mean_test_mae_eV_per_atom"",""type"":""csv_cell"",""where"":{""N"":""50"",""family"":""oxide""}}"
REG-CN_FS_S1_OXIDE_N50_STD_TEST_MAE-VALUE,sample_sd,oxide,protocol_1,50,,std_test_mae,0.05235,eV/atom,results/summaries/protocol_1/from_scratch/from_scratch_summary_corrected_five_seed.csv,"{""column"":""scratch_std_test_mae_eV_per_atom"",""type"":""csv_cell"",""where"":{""N"":""50"",""family"":""oxide""}}"
REG-CN_S1_FS_RUN_COUNT-COUNT,count,shared,protocol_1,,,run_count,20,count,results/summaries/protocol_1/from_scratch/from_scratch_runs.csv,"{""type"":""csv_row_count""}"
REG-CN_S1_FT_RUN_COUNT-COUNT,count,shared,protocol_1,,,run_count,60,count,results/summaries/protocol_1/finetune/finetune_runs.csv,"{""type"":""csv_row_count""}"
REG-CN_TRANSFER_BENEFIT_NITRIDE_N50-VALUE,difference,nitride,protocol_1,50,,scratch_minus_finetune_mae_eV_per_atom,0.61976,eV/atom,results/summaries/protocol_1/from_scratch/from_scratch_summary_corrected_five_seed.csv,"{""column"":""scratch_minus_finetune_mae_eV_per_atom"",""type"":""csv_cell"",""where"":{""N"":""50"",""family"":""nitride""}}"
REG-CN_TRANSFER_BENEFIT_NITRIDE_N500-VALUE,difference,nitride,protocol_1,500,,scratch_minus_finetune_mae_eV_per_atom,0.28923,eV/atom,results/summaries/protocol_1/from_scratch/from_scratch_summary_corrected_five_seed.csv,"{""column"":""scratch_minus_finetune_mae_eV_per_atom"",""type"":""csv_cell"",""where"":{""N"":""500"",""family"":""nitride""}}"
REG-CN_TRANSFER_BENEFIT_OXIDE_N50-VALUE,difference,oxide,protocol_1,50,,scratch_minus_finetune_mae_eV_per_atom,0.51806,eV/atom,results/summaries/protocol_1/from_scratch/from_scratch_summary_corrected_five_seed.csv,"{""column"":""scratch_minus_finetune_mae_eV_per_atom"",""type"":""csv_cell"",""where"":{""N"":""50"",""family"":""oxide""}}"
REG-CN_TRANSFER_BENEFIT_OXIDE_N500-VALUE,difference,oxide,protocol_1,500,,scratch_minus_finetune_mae_eV_per_atom,0.22815,eV/atom,results/summaries/protocol_1/from_scratch/from_scratch_summary_corrected_five_seed.csv,"{""column"":""scratch_minus_finetune_mae_eV_per_atom"",""type"":""csv_cell"",""where"":{""N"":""500"",""family"":""oxide""}}"
RR1-A1-PROTOCOL-1-EFFECT-SIZES,"Protocol 1 adaptation effect sizes (delta_adapt, R_adapt) + seed consistency (Table 3 / A1)",,,,,table,,eV/atom; %,results/summaries/a1_protocol_1_effect_sizes.csv,all rows
RR1-A2-RESIDUAL-DECOMPOSITION,Zero-shot residual-distribution decomposition (A2),,,,,table,,eV/atom; %,results/summaries/a2_residual_decomposition.csv,all rows
RR1-A3-STRUCTURE-HETEROGENEITY,Structure-level fine-tune vs zero-shot heterogeneity (A3),,,,,table,,eV/atom; %,results/summaries/a3_structure_heterogeneity.csv,all rows
RR1-A3-TERTILE-PROFILE,Zero-shot-error tertile profile (A3),,,,,table,,eV/atom; %,results/summaries/a3_tertile_profile.csv,all rows
RR1-A4-LEARNING-DYNAMICS,Protocol 1 validation learning-dynamics summary (A4),,,,,table,,eV/atom; %,results/summaries/a4_learning_dynamics.csv,all rows
RR1-A5-CROSS-PROTOCOL-EFFECTS,"Cross-protocol effect magnitudes, Protocols 1-3 (A5)",,,,,table,,eV/atom; %,results/summaries/a5_cross_protocol_effects.csv,all rows
RR1-A6-PROMOTED-ROBUSTNESS,Promoted validated robustness rows (A6),,,,,table,,eV/atom; %,results/summaries/a6_promoted_robustness.csv,all rows
